country,target_pathogen,forecast_horizon_weeks,baseline_model,n,mae,rmse,mase
Brunei Darussalam,influenza,1,recent_mean4,29,2.3620689655172415,2.797782373040575,5.406513409961686
Brunei Darussalam,influenza,2,recent_mean4,29,2.586206896551724,3.3682083644286167,5.919540229885058
Brunei Darussalam,influenza,4,persistence,30,3.2333333333333334,4.535048695071164,7.400740740740741
Brunei Darussalam,rsv,1,recent_mean4,29,1.8017241379310345,2.25860423789744,4.315757818765036
Brunei Darussalam,rsv,2,recent_mean4,29,1.9051724137931032,2.3621476201351905,4.5635525260625505
Brunei Darussalam,rsv,4,recent_mean4,30,1.825,2.2615444575186516,4.371511627906977
Brunei Darussalam,sarscov2,1,persistence,52,143.15384615384616,381.91214253462095,0.1470332622264359
Brunei Darussalam,sarscov2,2,persistence,52,216.94230769230768,581.9606284594544,0.2228213636722762
Brunei Darussalam,sarscov2,4,persistence,52,436.09615384615387,1003.943541547723,0.4479141976771747
Indonesia,influenza,1,recent_mean4,53,5.476415094339623,7.561773900897982,1.4806252248127922
Indonesia,influenza,2,persistence,53,6.037735849056604,8.01413844991086,1.6323861221019589
Indonesia,influenza,4,persistence,53,6.452830188679245,8.613285043772963,1.7446126679964682
Indonesia,rsv,1,persistence,53,0.0,0.0,
Indonesia,rsv,2,seasonal_naive52,53,0.0,0.0,
Indonesia,rsv,4,seasonal_naive52,53,0.0,0.0,
Indonesia,sarscov2,1,persistence,16,132.1875,230.46325629045512,0.0115116016177788
Indonesia,sarscov2,2,persistence,17,243.8235294117647,416.8899558565997,0.0212334701513305
Indonesia,sarscov2,4,persistence,17,426.3529411764706,727.464331043919,0.037129117408165
Malaysia,influenza,1,persistence,53,20.0377358490566,24.98376831555406,2.4632677639502205
Malaysia,influenza,2,persistence,53,22.62264150943396,29.701978842659816,2.7810339444221417
Malaysia,influenza,4,recent_mean4,53,31.066037735849054,40.96757231191611,3.8189928185913735
Malaysia,rsv,1,persistence,52,3.173076923076923,4.1161034598644015,1.853932584269663
Malaysia,rsv,2,persistence,52,3.5,4.485017794321959,2.044943820224719
Malaysia,rsv,4,recent_mean4,52,4.197115384615385,5.40443638988449,2.4522471910112364
Malaysia,sarscov2,1,persistence,46,239.15217391304347,343.043317077165,0.0437569438073719
Malaysia,sarscov2,2,persistence,46,591.7608695652174,1446.5757994236808,0.1082726813362849
Malaysia,sarscov2,4,persistence,46,1549.5869565217392,3849.728632446482,0.2835231989394852
Philippines,influenza,1,persistence,52,5.019230769230769,6.209484061312366,4.526270604395604
Philippines,influenza,2,persistence,52,5.730769230769231,7.1548799914679,5.167925824175824
Philippines,influenza,4,persistence,52,7.538461538461538,9.32119173628648,6.7980769230769225
Philippines,rsv,1,persistence,52,4.3076923076923075,6.751068291531577,217.53846153846152
Philippines,rsv,2,persistence,52,5.4423076923076925,8.716694857041242,274.83653846153845
Philippines,rsv,4,persistence,52,8.961538461538462,14.021960797812287,452.5576923076923
Philippines,sarscov2,1,persistence,46,839.195652173913,1336.5105198109056,0.185792787723894
Philippines,sarscov2,2,persistence,46,1351.9782608695652,2274.1522691935693,0.2993197228540967
Philippines,sarscov2,4,persistence,46,2474.891304347826,3801.87883472278,0.5479258067618247
Singapore,influenza,1,persistence,52,11.961538461538462,15.093299583182343,6.688172043010752
Singapore,influenza,2,persistence,52,15.403846153846152,19.039937782703777,8.61290322580645
Singapore,influenza,4,persistence,52,20.692307692307693,24.92990172463582,11.56989247311828
Singapore,sarscov2,1,persistence,52,4054.923076923077,6323.949578327674,5.734301487585326
Singapore,sarscov2,2,persistence,52,5098.403846153846,8531.271287941881,7.209948056892659
Singapore,sarscov2,4,persistence,52,7488.403846153846,11728.785102506108,10.5897854287346
Thailand,influenza,1,persistence,51,13.901960784313726,18.50543110527709,1.3848696566749306
Thailand,influenza,2,persistence,51,15.568627450980392,21.531554591744065,1.5508977537375104
Thailand,influenza,4,recent_mean4,51,18.235294117647054,23.18621336475791,1.816542709037638
Thailand,rsv,1,persistence,51,5.215686274509804,9.180114912348406,1.068273092369478
Thailand,rsv,2,persistence,51,7.176470588235294,13.126832271732434,1.469879518072289
Thailand,rsv,4,persistence,51,11.509803921568627,19.218557208502165,2.357429718875502
Thailand,sarscov2,1,persistence,46,4854.086956521739,10169.526411528836,24.74875200893523
Thailand,sarscov2,2,persistence,45,9194.711111111112,19036.551087024374,46.87959385996449
Thailand,sarscov2,4,seasonal_naive52,45,12701.711111111112,29186.29397850985,64.760170387075
