COUNTRY_AREA_TERRITORY,ISO_YEAR,reported_weeks,influenza_reporting_weeks,rsv_reporting_weeks,expected_iso_weeks,overall_reporting_percent,influenza_reporting_percent,rsv_reporting_percent,unique_weeks,weeks_with_multiple_rows,maximum_rows_per_week,overall_ge_80pct,influenza_ge_80pct,rsv_ge_80pct,good_influenza_year,good_rsv_year,good_joint_year
Brunei Darussalam,2021,52,52,52,52,100.0,100.0,100.0,52,52,2,True,True,True,True,True,True
Brunei Darussalam,2022,52,52,52,52,100.0,100.0,100.0,52,0,1,True,True,True,True,True,True
Brunei Darussalam,2023,52,52,52,52,100.0,100.0,100.0,52,52,2,True,True,True,True,True,True
Brunei Darussalam,2024,48,48,48,52,92.31,92.31,92.31,48,47,2,True,True,True,True,True,True
Brunei Darussalam,2025,50,50,50,52,96.15,96.15,96.15,50,50,2,True,True,True,True,True,True
Cambodia,2006,22,22,0,52,42.31,42.31,0.0,22,0,1,False,False,False,False,False,False
Cambodia,2007,52,52,0,52,100.0,100.0,0.0,52,0,1,True,True,False,True,False,False
Cambodia,2008,52,51,0,52,100.0,98.08,0.0,52,0,1,True,True,False,True,False,False
Cambodia,2009,51,51,0,53,96.23,96.23,0.0,51,0,1,True,True,False,True,False,False
Cambodia,2010,52,52,0,52,100.0,100.0,0.0,52,0,1,True,True,False,True,False,False
Cambodia,2011,52,52,0,52,100.0,100.0,0.0,52,0,1,True,True,False,True,False,False
Cambodia,2012,52,52,0,52,100.0,100.0,0.0,52,0,1,True,True,False,True,False,False
Cambodia,2013,52,52,0,52,100.0,100.0,0.0,52,0,1,True,True,False,True,False,False
Cambodia,2014,52,52,0,52,100.0,100.0,0.0,52,0,1,True,True,False,True,False,False
Cambodia,2015,53,53,0,53,100.0,100.0,0.0,53,0,1,True,True,False,True,False,False
Cambodia,2016,52,52,0,52,100.0,100.0,0.0,52,0,1,True,True,False,True,False,False
Cambodia,2017,52,52,0,52,100.0,100.0,0.0,52,0,1,True,True,False,True,False,False
Cambodia,2018,52,52,0,52,100.0,100.0,0.0,52,0,1,True,True,False,True,False,False
Cambodia,2019,52,52,0,52,100.0,100.0,0.0,52,0,1,True,True,False,True,False,False
Cambodia,2020,53,53,0,53,100.0,100.0,0.0,53,0,1,True,True,False,True,False,False
Cambodia,2021,52,52,0,52,100.0,100.0,0.0,52,0,1,True,True,False,True,False,False
Cambodia,2022,52,52,0,52,100.0,100.0,0.0,52,0,1,True,True,False,True,False,False
Cambodia,2023,52,52,0,52,100.0,100.0,0.0,52,0,1,True,True,False,True,False,False
Cambodia,2024,51,51,0,52,98.08,98.08,0.0,51,0,1,True,True,False,True,False,False
Cambodia,2025,52,52,0,52,100.0,100.0,0.0,52,0,1,True,True,False,True,False,False
Indonesia,2004,18,18,0,53,33.96,33.96,0.0,18,0,1,False,False,False,False,False,False
Indonesia,2005,20,20,0,52,38.46,38.46,0.0,20,0,1,False,False,False,False,False,False
Indonesia,2010,52,52,0,52,100.0,100.0,0.0,52,0,1,True,True,False,True,False,False
Indonesia,2011,52,52,0,52,100.0,100.0,0.0,52,0,1,True,True,False,True,False,False
Indonesia,2012,52,52,0,52,100.0,100.0,0.0,52,0,1,True,True,False,True,False,False
Indonesia,2013,52,52,0,52,100.0,100.0,0.0,52,0,1,True,True,False,True,False,False
Indonesia,2014,52,52,0,52,100.0,100.0,0.0,52,0,1,True,True,False,True,False,False
Indonesia,2015,53,53,0,53,100.0,100.0,0.0,53,0,1,True,True,False,True,False,False
Indonesia,2016,52,52,0,52,100.0,100.0,0.0,52,0,1,True,True,False,True,False,False
Indonesia,2017,52,52,0,52,100.0,100.0,0.0,52,0,1,True,True,False,True,False,False
Indonesia,2018,52,52,0,52,100.0,100.0,0.0,52,0,1,True,True,False,True,False,False
Indonesia,2019,52,52,0,52,100.0,100.0,0.0,52,0,1,True,True,False,True,False,False
Indonesia,2020,53,53,53,53,100.0,100.0,100.0,53,0,1,True,True,True,True,True,True
Indonesia,2021,52,52,52,52,100.0,100.0,100.0,52,0,1,True,True,True,True,True,True
Indonesia,2022,52,52,52,52,100.0,100.0,100.0,52,0,1,True,True,True,True,True,True
Indonesia,2023,52,52,52,52,100.0,100.0,100.0,52,0,1,True,True,True,True,True,True
Indonesia,2024,52,52,52,52,100.0,100.0,100.0,52,0,1,True,True,True,True,True,True
Indonesia,2025,52,52,52,52,100.0,100.0,100.0,52,0,1,True,True,True,True,True,True
Lao People's Democratic Republic,2010,9,9,0,52,17.31,17.31,0.0,9,0,1,False,False,False,False,False,False
Lao People's Democratic Republic,2011,52,52,0,52,100.0,100.0,0.0,52,0,1,True,True,False,True,False,False
Lao People's Democratic Republic,2012,52,52,0,52,100.0,100.0,0.0,52,0,1,True,True,False,True,False,False
Lao People's Democratic Republic,2013,52,52,0,52,100.0,100.0,0.0,52,0,1,True,True,False,True,False,False
Lao People's Democratic Republic,2014,52,52,0,52,100.0,100.0,0.0,52,0,1,True,True,False,True,False,False
Lao People's Democratic Republic,2015,51,51,0,53,96.23,96.23,0.0,51,0,1,True,True,False,True,False,False
Lao People's Democratic Republic,2016,51,51,0,52,98.08,98.08,0.0,51,0,1,True,True,False,True,False,False
Lao People's Democratic Republic,2017,52,52,0,52,100.0,100.0,0.0,52,0,1,True,True,False,True,False,False
Lao People's Democratic Republic,2018,52,52,0,52,100.0,100.0,0.0,52,0,1,True,True,False,True,False,False
Lao People's Democratic Republic,2019,52,52,0,52,100.0,100.0,0.0,52,0,1,True,True,False,True,False,False
Lao People's Democratic Republic,2020,53,53,0,53,100.0,100.0,0.0,53,53,2,True,True,False,True,False,False
Lao People's Democratic Republic,2021,52,52,0,52,100.0,100.0,0.0,52,52,2,True,True,False,True,False,False
Lao People's Democratic Republic,2022,52,52,0,52,100.0,100.0,0.0,52,52,2,True,True,False,True,False,False
Lao People's Democratic Republic,2023,51,51,0,52,98.08,98.08,0.0,51,51,2,True,True,False,True,False,False
Lao People's Democratic Republic,2024,52,52,0,52,100.0,100.0,0.0,52,52,2,True,True,False,True,False,False
Lao People's Democratic Republic,2025,52,52,0,52,100.0,100.0,0.0,52,51,2,True,True,False,True,False,False
Malaysia,1996,1,1,0,52,1.92,1.92,0.0,1,0,1,False,False,False,False,False,False
Malaysia,1997,50,50,0,52,96.15,96.15,0.0,50,0,1,True,True,False,True,False,False
Malaysia,1998,53,53,0,53,100.0,100.0,0.0,53,0,1,True,True,False,True,False,False
Malaysia,1999,52,52,0,52,100.0,100.0,0.0,52,0,1,True,True,False,True,False,False
Malaysia,2000,51,51,0,52,98.08,98.08,0.0,51,0,1,True,True,False,True,False,False
Malaysia,2001,52,52,0,52,100.0,100.0,0.0,52,0,1,True,True,False,True,False,False
Malaysia,2002,52,52,0,52,100.0,100.0,0.0,52,0,1,True,True,False,True,False,False
Malaysia,2003,52,52,0,52,100.0,100.0,0.0,52,0,1,True,True,False,True,False,False
Malaysia,2004,53,53,0,53,100.0,100.0,0.0,53,0,1,True,True,False,True,False,False
Malaysia,2005,6,6,0,52,11.54,11.54,0.0,6,0,1,False,False,False,False,False,False
Malaysia,2006,52,52,0,52,100.0,100.0,0.0,52,0,1,True,True,False,True,False,False
Malaysia,2007,52,52,0,52,100.0,100.0,0.0,52,0,1,True,True,False,True,False,False
Malaysia,2008,52,52,0,52,100.0,100.0,0.0,52,0,1,True,True,False,True,False,False
Malaysia,2009,53,53,0,53,100.0,100.0,0.0,53,0,1,True,True,False,True,False,False
Malaysia,2010,52,52,0,52,100.0,100.0,0.0,52,0,1,True,True,False,True,False,False
Malaysia,2011,52,52,0,52,100.0,100.0,0.0,52,0,1,True,True,False,True,False,False
Malaysia,2012,52,52,0,52,100.0,100.0,0.0,52,0,1,True,True,False,True,False,False
Malaysia,2013,52,52,0,52,100.0,100.0,0.0,52,0,1,True,True,False,True,False,False
Malaysia,2014,52,52,0,52,100.0,100.0,0.0,52,0,1,True,True,False,True,False,False
Malaysia,2015,53,53,0,53,100.0,100.0,0.0,53,0,1,True,True,False,True,False,False
Malaysia,2016,52,52,35,52,100.0,100.0,67.31,52,0,1,True,True,False,True,False,False
Malaysia,2017,52,52,52,52,100.0,100.0,100.0,52,0,1,True,True,True,True,True,True
Malaysia,2018,52,52,52,52,100.0,100.0,100.0,52,0,1,True,True,True,True,True,True
Malaysia,2019,52,52,52,52,100.0,100.0,100.0,52,1,2,True,True,True,True,True,True
Malaysia,2020,53,53,53,53,100.0,100.0,100.0,53,53,2,True,True,True,True,True,True
Malaysia,2021,52,52,52,52,100.0,100.0,100.0,52,22,2,True,True,True,True,True,True
Malaysia,2022,52,52,52,52,100.0,100.0,100.0,52,52,2,True,True,True,True,True,True
Malaysia,2023,52,52,52,52,100.0,100.0,100.0,52,52,2,True,True,True,True,True,True
Malaysia,2024,52,52,52,52,100.0,100.0,100.0,52,40,2,True,True,True,True,True,True
Malaysia,2025,52,52,51,52,100.0,100.0,98.08,52,47,2,True,True,True,True,True,True
Myanmar,2016,52,52,0,52,100.0,100.0,0.0,52,0,1,True,True,False,True,False,False
Myanmar,2017,52,52,0,52,100.0,100.0,0.0,52,0,1,True,True,False,True,False,False
Myanmar,2018,52,52,0,52,100.0,100.0,0.0,52,0,1,True,True,False,True,False,False
Myanmar,2019,52,52,0,52,100.0,100.0,0.0,52,0,1,True,True,False,True,False,False
Myanmar,2020,53,53,0,53,100.0,100.0,0.0,53,53,2,True,True,False,True,False,False
Myanmar,2021,52,52,0,52,100.0,100.0,0.0,52,52,2,True,True,False,True,False,False
Myanmar,2022,50,50,0,52,96.15,96.15,0.0,50,50,2,True,True,False,True,False,False
Myanmar,2023,52,52,0,52,100.0,100.0,0.0,52,52,2,True,True,False,True,False,False
Myanmar,2024,37,37,0,52,71.15,71.15,0.0,37,37,2,False,False,False,False,False,False
Myanmar,2025,52,52,0,52,100.0,100.0,0.0,52,52,2,True,True,False,True,False,False
Philippines,1997,2,1,0,52,3.85,1.92,0.0,2,0,1,False,False,False,False,False,False
Philippines,1999,3,2,0,52,5.77,3.85,0.0,3,0,1,False,False,False,False,False,False
Philippines,2000,1,1,0,52,1.92,1.92,0.0,1,0,1,False,False,False,False,False,False
Philippines,2001,1,1,0,52,1.92,1.92,0.0,1,0,1,False,False,False,False,False,False
Philippines,2002,52,52,0,52,100.0,100.0,0.0,52,0,1,True,True,False,True,False,False
Philippines,2003,52,52,0,52,100.0,100.0,0.0,52,0,1,True,True,False,True,False,False
Philippines,2004,53,53,0,53,100.0,100.0,0.0,53,0,1,True,True,False,True,False,False
Philippines,2005,51,51,0,52,98.08,98.08,0.0,51,0,1,True,True,False,True,False,False
Philippines,2006,52,52,0,52,100.0,100.0,0.0,52,0,1,True,True,False,True,False,False
Philippines,2007,52,52,0,52,100.0,100.0,0.0,52,0,1,True,True,False,True,False,False
Philippines,2008,52,52,0,52,100.0,100.0,0.0,52,0,1,True,True,False,True,False,False
Philippines,2009,50,50,0,53,94.34,94.34,0.0,50,0,1,True,True,False,True,False,False
Philippines,2010,51,51,0,52,98.08,98.08,0.0,51,0,1,True,True,False,True,False,False
Philippines,2011,52,52,0,52,100.0,100.0,0.0,52,0,1,True,True,False,True,False,False
Philippines,2012,50,50,0,52,96.15,96.15,0.0,50,0,1,True,True,False,True,False,False
Philippines,2013,51,51,0,52,98.08,98.08,0.0,51,0,1,True,True,False,True,False,False
Philippines,2014,51,51,0,52,98.08,98.08,0.0,51,0,1,True,True,False,True,False,False
Philippines,2015,52,52,9,53,98.11,98.11,16.98,52,0,1,True,True,False,True,False,False
Philippines,2016,51,51,28,52,98.08,98.08,53.85,51,0,1,True,True,False,True,False,False
Philippines,2017,52,50,50,52,100.0,96.15,96.15,52,0,1,True,True,True,True,True,True
Philippines,2018,50,50,50,52,96.15,96.15,96.15,50,0,1,True,True,True,True,True,True
Philippines,2019,52,52,51,52,100.0,100.0,98.08,52,0,1,True,True,True,True,True,True
Philippines,2020,51,51,51,53,96.23,96.23,96.23,51,0,1,True,True,True,True,True,True
Philippines,2021,52,52,52,52,100.0,100.0,100.0,52,0,1,True,True,True,True,True,True
Philippines,2022,52,52,52,52,100.0,100.0,100.0,52,0,1,True,True,True,True,True,True
Philippines,2023,52,52,52,52,100.0,100.0,100.0,52,0,1,True,True,True,True,True,True
Philippines,2024,52,52,52,52,100.0,100.0,100.0,52,0,1,True,True,True,True,True,True
Philippines,2025,52,52,52,52,100.0,100.0,100.0,52,52,2,True,True,True,True,True,True
Singapore,1997,3,0,0,52,5.77,0.0,0.0,3,0,1,False,False,False,False,False,False
Singapore,1998,13,0,0,53,24.53,0.0,0.0,13,0,1,False,False,False,False,False,False
Singapore,2001,1,1,0,52,1.92,1.92,0.0,1,0,1,False,False,False,False,False,False
Singapore,2002,13,12,0,52,25.0,23.08,0.0,13,0,1,False,False,False,False,False,False
Singapore,2007,52,52,0,52,100.0,100.0,0.0,52,0,1,True,True,False,True,False,False
Singapore,2008,52,52,0,52,100.0,100.0,0.0,52,7,2,True,True,False,True,False,False
Singapore,2009,47,47,0,53,88.68,88.68,0.0,47,36,2,True,True,False,True,False,False
Singapore,2010,52,52,0,52,100.0,100.0,0.0,52,0,1,True,True,False,True,False,False
Singapore,2011,50,50,0,52,96.15,96.15,0.0,50,0,1,True,True,False,True,False,False
Singapore,2012,52,52,0,52,100.0,100.0,0.0,52,0,1,True,True,False,True,False,False
Singapore,2013,52,52,0,52,100.0,100.0,0.0,52,0,1,True,True,False,True,False,False
Singapore,2014,52,52,0,52,100.0,100.0,0.0,52,0,1,True,True,False,True,False,False
Singapore,2015,53,53,0,53,100.0,100.0,0.0,53,0,1,True,True,False,True,False,False
Singapore,2016,52,52,0,52,100.0,100.0,0.0,52,0,1,True,True,False,True,False,False
Singapore,2017,52,52,0,52,100.0,100.0,0.0,52,0,1,True,True,False,True,False,False
Singapore,2018,52,52,0,52,100.0,100.0,0.0,52,0,1,True,True,False,True,False,False
Singapore,2019,52,52,0,52,100.0,100.0,0.0,52,0,1,True,True,False,True,False,False
Singapore,2020,53,53,0,53,100.0,100.0,0.0,53,0,1,True,True,False,True,False,False
Singapore,2021,52,52,0,52,100.0,100.0,0.0,52,0,1,True,True,False,True,False,False
Singapore,2022,52,52,0,52,100.0,100.0,0.0,52,0,1,True,True,False,True,False,False
Singapore,2023,52,52,0,52,100.0,100.0,0.0,52,0,1,True,True,False,True,False,False
Singapore,2024,52,52,0,52,100.0,100.0,0.0,52,0,1,True,True,False,True,False,False
Singapore,2025,52,52,0,52,100.0,100.0,0.0,52,0,1,True,True,False,True,False,False
Thailand,1997,14,1,0,52,26.92,1.92,0.0,14,0,1,False,False,False,False,False,False
Thailand,1998,22,4,0,53,41.51,7.55,0.0,22,0,1,False,False,False,False,False,False
Thailand,1999,28,1,0,52,53.85,1.92,0.0,28,0,1,False,False,False,False,False,False
Thailand,2000,33,11,0,52,63.46,21.15,0.0,33,0,1,False,False,False,False,False,False
Thailand,2001,17,10,0,52,32.69,19.23,0.0,17,0,1,False,False,False,False,False,False
Thailand,2002,7,3,0,52,13.46,5.77,0.0,7,0,1,False,False,False,False,False,False
Thailand,2003,21,17,0,52,40.38,32.69,0.0,21,0,1,False,False,False,False,False,False
Thailand,2004,49,49,0,53,92.45,92.45,0.0,49,0,1,True,True,False,True,False,False
Thailand,2005,47,47,0,52,90.38,90.38,0.0,47,0,1,True,True,False,True,False,False
Thailand,2006,45,45,0,52,86.54,86.54,0.0,45,0,1,True,True,False,True,False,False
Thailand,2007,52,52,0,52,100.0,100.0,0.0,52,0,1,True,True,False,True,False,False
Thailand,2008,51,51,0,52,98.08,98.08,0.0,51,0,1,True,True,False,True,False,False
Thailand,2009,53,53,0,53,100.0,100.0,0.0,53,0,1,True,True,False,True,False,False
Thailand,2010,51,51,0,52,98.08,98.08,0.0,51,0,1,True,True,False,True,False,False
Thailand,2011,51,51,0,52,98.08,98.08,0.0,51,0,1,True,True,False,True,False,False
Thailand,2012,50,50,0,52,96.15,96.15,0.0,50,0,1,True,True,False,True,False,False
Thailand,2013,52,52,0,52,100.0,100.0,0.0,52,0,1,True,True,False,True,False,False
Thailand,2014,52,52,0,52,100.0,100.0,0.0,52,0,1,True,True,False,True,False,False
Thailand,2015,53,53,0,53,100.0,100.0,0.0,53,0,1,True,True,False,True,False,False
Thailand,2016,52,52,0,52,100.0,100.0,0.0,52,0,1,True,True,False,True,False,False
Thailand,2017,52,52,0,52,100.0,100.0,0.0,52,0,1,True,True,False,True,False,False
Thailand,2018,52,52,0,52,100.0,100.0,0.0,52,0,1,True,True,False,True,False,False
Thailand,2019,52,52,0,52,100.0,100.0,0.0,52,0,1,True,True,False,True,False,False
Thailand,2020,53,53,0,53,100.0,100.0,0.0,53,0,1,True,True,False,True,False,False
Thailand,2021,52,52,0,52,100.0,100.0,0.0,52,0,1,True,True,False,True,False,False
Thailand,2022,52,52,41,52,100.0,100.0,78.85,52,0,1,True,True,False,True,False,False
Thailand,2023,52,52,52,52,100.0,100.0,100.0,52,0,1,True,True,True,True,True,True
Thailand,2024,52,52,52,52,100.0,100.0,100.0,52,0,1,True,True,True,True,True,True
Thailand,2025,52,52,52,52,100.0,100.0,100.0,52,0,1,True,True,True,True,True,True
Viet Nam,2006,52,52,0,52,100.0,100.0,0.0,52,0,1,True,True,False,True,False,False
Viet Nam,2007,52,52,0,52,100.0,100.0,0.0,52,0,1,True,True,False,True,False,False
Viet Nam,2008,51,51,0,52,98.08,98.08,0.0,51,0,1,True,True,False,True,False,False
Viet Nam,2009,52,52,0,53,98.11,98.11,0.0,52,0,1,True,True,False,True,False,False
Viet Nam,2010,51,51,0,52,98.08,98.08,0.0,51,0,1,True,True,False,True,False,False
Viet Nam,2011,52,52,0,52,100.0,100.0,0.0,52,0,1,True,True,False,True,False,False
Viet Nam,2012,52,52,0,52,100.0,100.0,0.0,52,0,1,True,True,False,True,False,False
Viet Nam,2013,52,52,0,52,100.0,100.0,0.0,52,0,1,True,True,False,True,False,False
Viet Nam,2014,52,52,0,52,100.0,100.0,0.0,52,0,1,True,True,False,True,False,False
Viet Nam,2015,53,53,0,53,100.0,100.0,0.0,53,0,1,True,True,False,True,False,False
Viet Nam,2016,52,52,52,52,100.0,100.0,100.0,52,0,1,True,True,True,True,True,True
Viet Nam,2017,52,52,51,52,100.0,100.0,98.08,52,0,1,True,True,True,True,True,True
Viet Nam,2018,52,52,37,52,100.0,100.0,71.15,52,0,1,True,True,False,True,False,False
Viet Nam,2019,51,51,0,52,98.08,98.08,0.0,51,0,1,True,True,False,True,False,False
Viet Nam,2020,53,53,0,53,100.0,100.0,0.0,53,0,1,True,True,False,True,False,False
Viet Nam,2021,52,52,0,52,100.0,100.0,0.0,52,0,1,True,True,False,True,False,False
Viet Nam,2022,52,52,0,52,100.0,100.0,0.0,52,27,2,True,True,False,True,False,False
Viet Nam,2023,52,52,0,52,100.0,100.0,0.0,52,52,3,True,True,False,True,False,False
Viet Nam,2024,52,52,39,52,100.0,100.0,75.0,52,52,3,True,True,False,True,False,False
Viet Nam,2025,52,52,52,52,100.0,100.0,100.0,52,52,3,True,True,True,True,True,True
