country,pathogen_a,pathogen_b,lag_weeks,n,spearman_rho,spearman_p,pearson_r,pearson_p,spearman_q_fdr,spearman_significant_fdr_0_05
Brunei Darussalam,Influenza,RSV,7,196,-0.16873272260100167,0.018072735292317194,-0.1733604999333656,0.015100877816791715,0.15722907611158746,False
Brunei Darussalam,Influenza,SARS-CoV-2,8,159,-0.29586557204187,0.00015283640070825637,-0.22140418044509952,0.00503686148608867,0.0013755276063743074,True
Brunei Darussalam,RSV,SARS-CoV-2,1,204,0.0941436287737488,0.1804554451264668,0.06889465125164339,0.32751583936854506,0.6658878302816733,False
Indonesia,Influenza,SARS-CoV-2,2,252,-0.41759364277696603,4.690341592112073e-12,-0.4197896164723145,3.531627850333822e-12,2.6268953851665818e-11,True
Malaysia,Influenza,RSV,0,459,0.2498017054264611,5.8460804023601237e-08,0.248950445656848,6.504046693135873e-08,5.261472362124112e-07,True
Malaysia,Influenza,SARS-CoV-2,2,260,-0.3401281987924564,1.837725184637972e-08,-0.3534633416258647,4.565359450163877e-09,7.448328712334773e-08,True
Malaysia,RSV,SARS-CoV-2,4,256,-0.3022186908157654,8.327054273759834e-07,-0.3022227981962281,8.324060424054044e-07,7.494348846383851e-06,True
Philippines,Influenza,RSV,1,259,0.5564703924354618,1.849713682498472e-22,0.5264112895847253,7.27486091289785e-20,9.058129600189505e-22,True
Philippines,Influenza,SARS-CoV-2,2,206,0.06281563958575745,0.3697326964290726,-0.05526493059327402,0.43012511618455174,0.6783807040027856,False
Philippines,RSV,SARS-CoV-2,8,163,0.10447970859549882,0.1844168755953023,0.032846919880717564,0.6772297178030117,0.987414443682558,False
Singapore,Influenza,SARS-CoV-2,3,209,-0.2401282192995474,0.0004616861923116111,-0.21558425917251167,0.0017190098061400003,0.0021447466283061123,True
Thailand,Influenza,RSV,8,148,0.47157675095156865,1.4507003276697532e-09,0.43415991161319484,3.5302021488100695e-08,6.52815147451389e-09,True
Thailand,Influenza,SARS-CoV-2,0,312,-0.509372381113563,5.308694224335316e-22,-0.4369239686438324,5.622364806201342e-16,4.777824801901785e-21,True
Thailand,RSV,SARS-CoV-2,0,155,-0.2906549860323421,0.00024362993688920365,-0.3462292796400128,1.0199635821778567e-05,0.0021926694320028328,True
Viet Nam,Influenza,RSV,0,103,0.35415033820728564,0.00024249175196844344,0.36446857585020265,0.00015379565120601384,0.002182425767715991,True
Viet Nam,Influenza,SARS-CoV-2,3,205,-0.45248831918415044,9.672485603737195e-12,-0.3535192531122271,1.997689356408679e-07,8.048443296298194e-11,True
