analysis_group,country,target_pathogen,forecast_horizon_weeks,model,n,selected_nb_weight,selected_xgb_weight,mae,rmse,mase,mean_error
primary_regional,Brunei Darussalam,influenza,1,M2,31,0.5,0.5,2.6782859155409295,3.3394015750686554,6.130298873349239,-0.28934696389490133
primary_regional,Brunei Darussalam,influenza,1,M3,31,0.5,0.5,2.7235629168546827,3.537679840888969,6.233932898578496,-1.8229087709851985
primary_regional,Brunei Darussalam,influenza,2,M2,32,0.5,0.5,3.0794508751076903,4.008570706688615,7.048520891913158,0.20615183542414128
primary_regional,Brunei Darussalam,influenza,2,M3,32,0.5,0.5,2.6065172231789338,3.3818844691699885,5.966028310831782,-1.2373157305384057
primary_regional,Brunei Darussalam,influenza,4,M2,32,0.5,0.5,3.563666403074588,4.577420314386397,8.156836433704058,0.5596272546545615
primary_regional,Brunei Darussalam,influenza,4,M3,32,0.5,0.5,2.755851019714169,3.623714118177911,6.307836778456876,-1.1944204768388447
primary_regional,Brunei Darussalam,rsv,1,M2,31,0.5,0.5,1.6644375959523539,2.084711096007984,3.9869086600719177,-0.6525126332572689
primary_regional,Brunei Darussalam,rsv,1,M3,31,0.5,0.5,1.5488395881863977,1.9594281802363287,3.7100111065860224,-0.3640401407391745
primary_regional,Brunei Darussalam,rsv,2,M2,32,0.5,0.5,1.7864891933871805,2.3662552089327824,4.279264812066967,-0.8531619213193857
primary_regional,Brunei Darussalam,rsv,2,M3,32,0.5,0.5,1.7973369550330944,2.2781173873571734,4.305248985311831,-0.6214968241580118
primary_regional,Brunei Darussalam,rsv,4,M2,32,0.5,0.5,1.7877716818674694,2.2876910079524646,4.282336819356962,-0.6400472822474901
primary_regional,Brunei Darussalam,rsv,4,M3,32,0.5,0.5,1.8032060014620288,2.2899308000470677,4.319307398850906,-0.39135938639492873
primary_regional,Brunei Darussalam,sarscov2,1,M2,36,0.5,0.5,476.2513711926436,974.2692790208365,0.4891576065026757,470.39110990146685
primary_regional,Brunei Darussalam,sarscov2,1,M3,36,0.5,0.5,438.0904836872554,829.2291144826438,0.4499625731164036,434.0223331059974
primary_regional,Brunei Darussalam,sarscov2,2,M2,36,0.5,0.5,857.5869976747143,972.9811598003413,0.8808272868587569,579.4450003695272
primary_regional,Brunei Darussalam,sarscov2,2,M3,36,0.5,0.5,717.2449761398501,1283.0365067853224,0.7366820486543455,694.4762070027149
primary_regional,Brunei Darussalam,sarscov2,4,M2,37,0.5,0.5,1142.383989681694,1227.5492447521817,1.1733421715937442,837.3685390757705
primary_regional,Brunei Darussalam,sarscov2,4,M3,37,0.5,0.5,945.0545771249275,1234.551383930987,0.970665205232208,673.9368169098287
primary_regional,Indonesia,influenza,1,M2,24,0.5,0.5,8.39861018988656,12.326855516929934,2.270681437820283,-5.936331586902519
primary_regional,Indonesia,influenza,1,M3,24,0.5,0.5,11.053247612250976,15.857370100194421,2.988399701059189,-9.668969174347115
primary_regional,Indonesia,influenza,2,M2,24,0.5,0.5,10.024995519939333,15.45687579952911,2.7103974022712927,-8.825993467507315
primary_regional,Indonesia,influenza,2,M3,24,0.5,0.5,10.888865088568034,16.748284427167434,2.9439565924031426,-9.744616388379518
primary_regional,Indonesia,influenza,4,M2,24,0.5,0.5,12.013323541114167,16.97151422684074,3.2479696229008836,-11.59352798706096
primary_regional,Indonesia,influenza,4,M3,24,0.5,0.5,12.043672874380169,17.71703192085853,3.2561749885672553,-11.540359520938665
primary_regional,Indonesia,rsv,1,M2,24,0.5,0.5,9.977719681643643e-10,9.977719681643924e-10,,9.977719681643643e-10
primary_regional,Indonesia,rsv,1,M3,24,0.5,0.5,4.796285435595995e-09,4.796285435597703e-09,,4.796285435595995e-09
primary_regional,Indonesia,rsv,2,M2,24,0.5,0.5,2.821085554479984e-08,2.8210855544807512e-08,,2.821085554479984e-08
primary_regional,Indonesia,rsv,2,M3,24,0.5,0.5,1.259295283927478e-08,1.2592952839276111e-08,,1.259295283927478e-08
primary_regional,Indonesia,rsv,4,M2,24,0.5,0.5,1.259482850889198e-07,1.2594828508893252e-07,,1.259482850889198e-07
primary_regional,Indonesia,rsv,4,M3,24,0.5,0.5,1.720523486388338e-09,1.7205234863883442e-09,,1.720523486388338e-09
primary_regional,Indonesia,sarscov2,1,M2,17,0.5,0.5,2996.118646594424,5215.797079117984,0.2609181977054839,2996.118646594424
primary_regional,Indonesia,sarscov2,1,M3,17,0.5,0.5,10028.633787442848,27778.373954305796,0.8733476079934821,10028.633787442848
primary_regional,Indonesia,sarscov2,2,M2,18,0.5,0.5,18426.634230057374,49502.991838063936,1.6046908551334056,18399.05176406056
primary_regional,Indonesia,sarscov2,2,M3,18,0.5,0.5,34059.1750743876,95481.2665761191,2.9660569636806224,34028.38216105186
primary_regional,Indonesia,sarscov2,4,M2,18,0.5,0.5,33907.51475020954,103133.34820834837,2.952849563335197,33812.35261640138
primary_regional,Indonesia,sarscov2,4,M3,18,0.5,0.5,57036.18621901099,179269.77061173564,4.967019223078588,56952.31378052875
primary_regional,Malaysia,influenza,1,M2,49,0.5,0.5,25.1788937696546,30.572755443229426,3.095277721092291,1.5788840310701169
primary_regional,Malaysia,influenza,1,M3,49,0.5,0.5,54.29232246809127,63.438159350484746,6.674233494895381,-44.66269710201746
primary_regional,Malaysia,influenza,2,M2,49,0.5,0.5,28.210161247117924,34.89854578454101,3.467915803428208,-2.921923487102237
primary_regional,Malaysia,influenza,2,M3,49,0.5,0.5,58.29123772069048,69.71213008258593,7.165825913654621,-49.326279683722774
primary_regional,Malaysia,influenza,4,M2,49,0.5,0.5,34.06109492649946,41.42761253475385,4.1871795181512335,-27.399685959299923
primary_regional,Malaysia,influenza,4,M3,49,0.5,0.5,66.00376120727998,81.53070209419485,8.113937547939855,-59.385146003480926
primary_regional,Malaysia,rsv,1,M2,48,0.5,0.5,3.6281450028747027,4.6227396809883565,2.119815057859377,-1.0113645607294222
primary_regional,Malaysia,rsv,1,M3,48,0.5,0.5,3.456909280235436,4.481795020909358,2.019767219912839,0.09740025950525534
primary_regional,Malaysia,rsv,2,M2,48,0.5,0.5,3.8877349834234045,5.089208454616501,2.271485608292326,-1.3497484160415782
primary_regional,Malaysia,rsv,2,M3,48,0.5,0.5,3.454433142729222,4.586514865348671,2.0183204878867365,0.007300343999568211
primary_regional,Malaysia,rsv,4,M2,48,0.5,0.5,4.1343024669781405,5.45762283059537,2.415547508796217,-1.5226075983913665
primary_regional,Malaysia,rsv,4,M3,48,0.5,0.5,3.7310986389254306,4.838145574807964,2.179967744091263,0.29317547573546626
primary_regional,Malaysia,sarscov2,1,M2,46,0.5,0.5,828.2209239289487,1214.9628560666008,0.15153705624112698,519.9373816620981
primary_regional,Malaysia,sarscov2,1,M3,46,0.5,0.5,865.397154683296,1457.7656915028947,0.15833907778862646,264.4403526252257
primary_regional,Malaysia,sarscov2,2,M2,46,0.5,0.5,1677.8886406207268,3661.231428859368,0.30699816673782054,1500.889618892648
primary_regional,Malaysia,sarscov2,2,M3,46,0.5,0.5,1401.2539446061194,2795.2926933247713,0.25638316018938795,918.6074297369624
primary_regional,Malaysia,sarscov2,4,M2,46,0.5,0.5,3759.760720142923,7325.499386951202,0.687911951075454,3098.260259247207
primary_regional,Malaysia,sarscov2,4,M3,46,0.5,0.5,2925.183583682208,5481.403050069088,0.5352119180148842,1667.7932927597972
