analysis_group,country,target_pathogen,forecast_horizon_weeks,mae_m2,mae_m3,mase_m2,mase_m3,n_m2,n_m3,rmse_m2,rmse_m3,m3_vs_m2_mae_improvement_pct,m3_vs_m2_rmse_improvement_pct,m3_vs_m2_mase_improvement_pct
primary_regional,Brunei Darussalam,influenza,1,2.6782859155409295,2.7235629168546827,6.130298873349239,6.233932898578496,31,31,3.3394015750686554,3.537679840888969,-1.6905215776639213,-5.937538848296107,-1.6905215776639246
primary_regional,Brunei Darussalam,influenza,2,3.0794508751076903,2.6065172231789338,7.048520891913158,5.966028310831782,32,32,4.008570706688615,3.3818844691699885,15.35772678666997,15.6336580635325,15.357726786669968
primary_regional,Brunei Darussalam,influenza,4,3.563666403074588,2.755851019714169,8.156836433704058,6.307836778456876,32,32,4.577420314386397,3.623714118177911,22.66809773954904,20.835014718029672,22.66809773954904
primary_regional,Brunei Darussalam,rsv,1,1.6644375959523539,1.5488395881863977,3.9869086600719177,3.7100111065860224,31,31,2.084711096007984,1.9594281802363287,6.945169229959241,6.009605648070848,6.945169229959245
primary_regional,Brunei Darussalam,rsv,2,1.7864891933871805,1.7973369550330944,4.279264812066967,4.305248985311831,32,32,2.3662552089327824,2.2781173873571734,-0.6072111539251244,3.724780879208736,-0.6072111539251333
primary_regional,Brunei Darussalam,rsv,4,1.7877716818674694,1.8032060014620288,4.282336819356962,4.319307398850906,32,32,2.2876910079524646,2.2899308000470677,-0.8633272218764009,-0.09790623326389634,-0.8633272218763979
primary_regional,Brunei Darussalam,sarscov2,1,476.2513711926436,438.0904836872554,0.4891576065026757,0.4499625731164036,36,36,974.2692790208365,829.2291144826438,8.012761708134194,14.887071537754066,8.012761708134189
primary_regional,Brunei Darussalam,sarscov2,2,857.5869976747143,717.2449761398501,0.8808272868587569,0.7366820486543455,36,36,972.9811598003413,1283.0365067853224,16.36475621894823,-31.86653141861508,16.36475621894823
primary_regional,Brunei Darussalam,sarscov2,4,1142.383989681694,945.0545771249275,1.1733421715937442,0.970665205232208,37,37,1227.5492447521817,1234.551383930987,17.27347497330989,-0.5704161530577808,17.27347497330989
primary_regional,Indonesia,influenza,1,8.39861018988656,11.053247612250976,2.270681437820283,2.988399701059189,24,24,12.326855516929934,15.857370100194421,-31.608056122917557,-28.640836898068716,-31.608056122917557
primary_regional,Indonesia,influenza,2,10.024995519939333,10.888865088568034,2.7103974022712927,2.9439565924031426,24,24,15.45687579952911,16.748284427167434,-8.617156655187499,-8.354913660350862,-8.617156655187502
primary_regional,Indonesia,influenza,4,12.013323541114167,12.043672874380169,3.2479696229008836,3.2561749885672553,24,24,16.97151422684074,17.71703192085853,-0.25263061601675474,-4.392758854944971,-0.25263061601675707
primary_regional,Indonesia,rsv,1,9.977719681643643e-10,4.796285435595995e-09,,,24,24,9.977719681643924e-10,4.796285435597703e-09,-380.6995574770343,-380.69955747719195,
primary_regional,Indonesia,rsv,2,2.821085554479984e-08,1.259295283927478e-08,,,24,24,2.8210855544807512e-08,1.2592952839276111e-08,55.36132245519203,55.361322455199456,
primary_regional,Indonesia,rsv,4,1.259482850889198e-07,1.720523486388338e-09,,,24,24,1.2594828508893252e-07,1.7205234863883442e-09,98.63394449144452,98.63394449144467,
primary_regional,Indonesia,sarscov2,1,2996.118646594424,10028.633787442848,0.2609181977054839,0.8733476079934821,17,17,5215.797079117984,27778.373954305796,-234.72084955120258,-432.5815696611275,-234.72084955120255
primary_regional,Indonesia,sarscov2,2,18426.634230057374,34059.1750743876,1.6046908551334056,2.9660569636806224,18,18,49502.991838063936,95481.2665761191,-84.83665898588549,-92.8797897477814,-84.83665898588548
primary_regional,Indonesia,sarscov2,4,33907.51475020954,57036.18621901099,2.952849563335197,4.967019223078588,18,18,103133.34820834837,179269.77061173564,-68.21104890519443,-73.82328192194214,-68.2110489051944
primary_regional,Malaysia,influenza,1,25.1788937696546,54.29232246809127,3.095277721092291,6.674233494895381,49,49,30.572755443229426,63.438159350484746,-115.62632165168408,-107.49899193183002,-115.6263216516841
primary_regional,Malaysia,influenza,2,28.210161247117924,58.29123772069048,3.467915803428208,7.165825913654621,49,49,34.89854578454101,69.71213008258593,-106.63206144078944,-99.75654720107644,-106.63206144078943
primary_regional,Malaysia,influenza,4,34.06109492649946,66.00376120727998,4.1871795181512335,8.113937547939855,49,49,41.42761253475385,81.53070209419485,-93.78050338578282,-96.80280157539444,-93.78050338578281
primary_regional,Malaysia,rsv,1,3.6281450028747027,3.456909280235436,2.119815057859377,2.019767219912839,48,48,4.6227396809883565,4.481795020909358,4.719649366372915,3.048942181595316,4.719649366372925
primary_regional,Malaysia,rsv,2,3.8877349834234045,3.454433142729222,2.271485608292326,2.0183204878867365,48,48,5.089208454616501,4.586514865348671,11.145354365503378,9.877638020738345,11.145354365503373
primary_regional,Malaysia,rsv,4,4.1343024669781405,3.7310986389254306,2.415547508796217,2.179967744091263,48,48,5.45762283059537,4.838145574807964,9.75264464255372,11.350679132948212,9.752644642553717
primary_regional,Malaysia,sarscov2,1,828.2209239289487,865.397154683296,0.15153705624112698,0.15833907778862646,46,46,1214.9628560666008,1457.7656915028947,-4.4886852867697655,-19.984383409247545,-4.488685286769759
primary_regional,Malaysia,sarscov2,2,1677.8886406207268,1401.2539446061194,0.30699816673782054,0.25638316018938795,46,46,3661.231428859368,2795.2926933247713,16.487071270252343,23.65157058111385,16.487071270252343
primary_regional,Malaysia,sarscov2,4,3759.760720142923,2925.183583682208,0.687911951075454,0.5352119180148842,46,46,7325.499386951202,5481.403050069088,22.19761305525288,25.173660380983364,22.19761305525288
