country,target_pathogen,forecast_horizon_weeks,model,n,nb_mae,xgb_mae,ensemble_mae,nb_rmse,xgb_rmse,ensemble_rmse,nb_mase,xgb_mase,ensemble_mase,best_component_by_mae,ensemble_vs_best_component_mae_improvement_pct,ensemble_beats_nb_mae,ensemble_beats_xgb_mae,ensemble_beats_both_mae
Brunei Darussalam,influenza,1,M2,31,4.0581305508945125,3.040032100807422,2.6782859155409295,5.900201853323687,3.911943850849996,3.3394015750686554,9.288609927602996,6.958295697403655,6.130298873349239,xgboost,11.89941991633621,True,True,True
Brunei Darussalam,influenza,1,M3,31,2.7563168701008047,2.951800321419612,2.7235629168546827,3.6426009879658716,3.783451494908867,3.537679840888969,6.308903058230731,6.756342957916001,6.233932898578496,negative_binomial,1.1883232149910319,True,True,True
Brunei Darussalam,influenza,2,M2,32,4.6339574951767135,3.503535552991737,3.0794508751076903,6.795573618729424,4.271725490479532,4.008570706688615,10.606613822293367,8.019203599069977,7.048520891913158,xgboost,12.104477647498472,True,True,True
Brunei Darussalam,influenza,2,M3,32,2.7741438751187126,3.0012880656600567,2.6065172231789338,3.477706284935315,3.735563873628471,3.3818844691699885,6.349707091938387,6.86961490584413,5.966028310831782,negative_binomial,6.042464251519966,True,True,True
Brunei Darussalam,influenza,4,M2,32,5.550900497378107,3.084701156201911,3.563666403074588,8.129962918990847,4.010456698256583,4.577420314386397,12.705394471776557,7.060538201973263,8.156836433704058,xgboost,-15.527119893273905,True,False,False
Brunei Darussalam,influenza,4,M3,32,3.228061238393714,2.8556415932502537,2.755851019714169,4.002932264739747,3.7657802698631593,3.623714118177911,7.3886735012122795,6.53624631343947,6.307836778456876,xgboost,3.494506235374747,True,True,True
Brunei Darussalam,rsv,1,M2,31,1.665216470595886,1.7021154599584432,1.6644375959523539,2.1409010844516123,2.106591657810787,2.084711096007984,3.988774336543634,4.077160287807434,3.9869086600719177,negative_binomial,0.04677317677824179,True,True,True
Brunei Darussalam,rsv,1,M3,31,1.5450149062109353,1.726646439933137,1.5488395881863977,2.0164531403422488,2.245082155224131,1.9594281802363287,3.7008496590634032,4.1359205421654215,3.7100111065860224,negative_binomial,-0.24754984305246594,False,True,False
Brunei Darussalam,rsv,2,M2,32,1.8225634711041048,1.9521382591446321,1.7864891933871805,2.422642887932445,2.487656224706884,2.3662552089327824,4.365675291249367,4.676052109113886,4.279264812066967,negative_binomial,1.9793153044525011,True,True,True
Brunei Darussalam,rsv,2,M3,32,1.7357099665289712,2.067368929267637,1.7973369550330944,2.3326585560849393,2.5111224870894855,2.2781173873571734,4.157630850057768,4.952069760803875,4.305248985311831,negative_binomial,-3.5505349218777185,False,True,False
Brunei Darussalam,rsv,4,M2,32,1.7528042806479334,2.001929333905173,1.7877716818674694,2.3304754028179313,2.4992931862555494,2.2876910079524646,4.198577695505515,4.7953191021449495,4.282336819356962,negative_binomial,-1.9949404280670815,False,True,False
Brunei Darussalam,rsv,4,M3,32,1.6636062868408394,2.132882340342362,1.8032060014620288,2.2446056919929473,2.7560136718171298,2.2899308000470677,3.98491738475829,5.108997233843332,4.319307398850906,negative_binomial,-8.391391384213081,False,True,False
Brunei Darussalam,sarscov2,1,M2,36,870.6152572148145,272.0538890315268,476.2513711926436,1736.0734479513517,505.65239961527584,974.2692790208365,0.8942086073945318,0.2794264484008729,0.4891576065026757,xgboost,-75.05773318956432,True,False,False
Brunei Darussalam,sarscov2,1,M3,36,849.0673365745683,301.9458160588203,438.0904836872554,1736.0250551181912,566.3371135343544,829.2291144826438,0.872076746106454,0.31012843555065683,0.4499625731164036,xgboost,-45.089105524122765,True,False,False
Brunei Darussalam,sarscov2,2,M2,36,1357.099772725499,430.74144233900745,857.5869976747143,1452.141090445877,845.9451861842034,972.9811598003413,1.393876672626332,0.44241437547658186,0.8808272868587569,xgboost,-99.09553931422406,True,False,False
Brunei Darussalam,sarscov2,2,M3,36,1338.0878352134798,437.1439768948415,717.2449761398501,2691.5170785974615,739.5391677313166,1283.0365067853224,1.3743495186675545,0.4489904163413873,0.7366820486543455,xgboost,-64.07522785390891,True,False,False
Brunei Darussalam,sarscov2,4,M2,37,1745.096550934356,592.7056557243119,1142.383989681694,1836.4283437029783,937.9731574295963,1227.5492447521817,1.79238801944747,0.6087677589014817,1.1733421715937442,xgboost,-92.74052451644846,True,False,False
Brunei Darussalam,sarscov2,4,M3,37,1411.3949591572225,559.9344436792684,945.0545771249275,2053.514641259287,941.4586375417697,1234.551383930987,1.4496432384485969,0.575108459179149,0.970665205232208,xgboost,-68.77950406391803,True,False,False
Indonesia,influenza,1,M2,24,7.976512243891507,10.22981854353763,8.39861018988656,11.464504481768742,14.64161197545589,12.326855516929934,2.1565613692323655,2.765774164284004,2.270681437820283,negative_binomial,-5.291760773241459,False,True,False
Indonesia,influenza,1,M3,24,10.75504708328897,11.519231359978514,11.053247612250976,15.624329618736947,16.249976928063685,15.857370100194421,2.907777027717642,3.1143849084170676,2.988399701059189,negative_binomial,-2.7726566574064164,False,True,False
Indonesia,influenza,2,M2,24,8.143187821209759,12.083119966829459,10.024995519939333,12.73630486424137,18.53832229121587,15.45687579952911,2.2016244369301945,3.2668400603559715,2.7103974022712927,negative_binomial,-23.108980660230074,False,True,False
Indonesia,influenza,2,M3,24,10.483658789253036,11.29407138788303,10.888865088568034,15.612185316216173,17.951270481571687,16.748284427167434,2.834403416158533,3.0535097686477513,2.9439565924031426,negative_binomial,-3.8651229256944224,False,True,False
Indonesia,influenza,4,M2,24,10.774335752918846,13.549665444166978,12.013323541114167,14.718262039050261,19.470012436913063,16.97151422684074,2.912991988657435,3.6633410906240007,3.2479696229008836,negative_binomial,-11.499435478977622,False,True,False
Indonesia,influenza,4,M3,24,11.733941859669185,12.54430807761483,12.043672874380169,16.674052144409448,18.875267866455662,17.71703192085853,3.1724348875362094,3.391528700360335,3.2561749885672553,negative_binomial,-2.639616067773119,False,True,False
Indonesia,rsv,1,M2,24,1.9955439363287285e-09,0.0,9.977719681643643e-10,1.9955439363287848e-09,0.0,9.977719681643924e-10,,,,xgboost,,True,False,False
Indonesia,rsv,1,M3,24,9.59257087119199e-09,0.0,4.796285435595995e-09,9.592570871195406e-09,0.0,4.796285435597703e-09,,,,xgboost,,True,False,False
Indonesia,rsv,2,M2,24,5.642171108959968e-08,0.0,2.821085554479984e-08,5.6421711089615025e-08,0.0,2.8210855544807512e-08,,,,xgboost,,True,False,False
Indonesia,rsv,2,M3,24,2.518590567854956e-08,0.0,1.259295283927478e-08,2.5185905678552222e-08,0.0,1.2592952839276111e-08,,,,xgboost,,True,False,False
Indonesia,rsv,4,M2,24,2.518965701778396e-07,0.0,1.259482850889198e-07,2.5189657017786503e-07,0.0,1.2594828508893252e-07,,,,xgboost,,True,False,False
Indonesia,rsv,4,M3,24,3.441046972776676e-09,0.0,1.720523486388338e-09,3.4410469727766883e-09,0.0,1.7205234863883442e-09,,,,xgboost,,True,False,False
Indonesia,sarscov2,1,M2,17,5206.982128613694,797.9272126363761,2996.118646594424,9610.616062347883,1106.1984705382085,5215.797079117984,0.45345213348837676,0.0694878123260872,0.2609181977054839,xgboost,-275.4877135591297,True,False,False
Indonesia,sarscov2,1,M3,17,19495.19546133073,571.4158738885632,10028.633787442848,54826.91964999936,920.2663946965577,27778.373954305796,1.6977469398511142,0.04976198126358454,0.8733476079934821,xgboost,-1655.0499112313112,True,False,False
Indonesia,sarscov2,2,M2,18,35361.1032609587,1505.1058464660337,18426.634230057374,97408.63092839047,2535.6358593808327,49502.991838063936,3.079435903586164,0.13107274815778158,1.6046908551334056,xgboost,-1124.2749752997665,True,False,False
Indonesia,sarscov2,2,M3,18,67244.49495204404,886.4509130085238,34059.1750743876,190387.535172842,1352.3866843050998,95481.2665761191,5.85601389599372,0.07719693438691581,2.9660569636806224,xgboost,-3742.1952726964023,True,False,False
Indonesia,sarscov2,4,M2,18,65889.21494697659,1931.9807733752702,33907.51475020954,204190.67605095552,3209.626083266431,103133.34820834837,5.7379887915104835,0.16824732290348435,2.952849563335197,xgboost,-1655.0648131436299,True,False,False
Indonesia,sarscov2,4,M3,18,112020.97684827683,2057.2718841899446,57036.18621901099,356208.79657448595,3505.2240791139566,179269.77061173564,9.755391835928414,0.1791583496945766,4.967019223078588,xgboost,-2672.4184954517623,True,False,False
Malaysia,influenza,1,M2,49,28.712596628910564,28.88436332754483,25.1788937696546,35.60998585838479,34.262725231949084,30.572755443229426,3.5296809094641826,3.5507964374286787,3.095277721092291,negative_binomial,12.307151822339527,True,True,True
Malaysia,influenza,1,M3,49,56.66072455910343,56.4852606071429,54.29232246809127,66.91329956810277,64.81415611381422,63.438159350484746,6.9653845793696885,6.943814542722058,6.674233494895381,xgboost,3.8823192377629163,True,True,True
Malaysia,influenza,2,M2,49,38.0371320490614,30.14932618927893,28.210161247117924,45.91115844135802,36.083976125759285,34.89854578454101,4.67595949539289,3.7063001461997738,3.467915803428208,xgboost,6.431868261289939,True,True,True
Malaysia,influenza,2,M3,49,62.224381581961744,61.52281425564255,58.29123772069048,74.5824307373617,71.87294359910287,69.71213008258593,7.649332960430285,7.563088277289391,7.165825913654621,xgboost,5.252647451275664,True,True,True
Malaysia,influenza,4,M2,49,43.981891645457196,38.238125720618854,34.06109492649946,55.22931981383655,45.57499135818927,41.42761253475385,5.4067573653989935,4.700667937286478,4.1871795181512335,xgboost,10.923733094655963,True,True,True
Malaysia,influenza,4,M3,49,66.37523295164316,76.19322934916721,66.00376120727998,84.22201013125647,88.64455709318732,81.53070209419485,8.159603105166534,9.366543560654124,8.113937547939855,negative_binomial,0.5596541478563368,True,True,True
Malaysia,rsv,1,M2,48,3.4460897288353096,3.951707163669101,3.6281450028747027,4.532232974296028,4.844637773962265,4.6227396809883565,2.013445684263327,2.308862612480823,2.119815057859377,negative_binomial,-5.282952225997988,False,True,False
Malaysia,rsv,1,M3,48,3.424185162631835,3.630613549568311,3.456909280235436,4.400580654522573,4.723430924738243,4.481795020909358,2.0006475107511843,2.121257354803957,2.019767219912839,negative_binomial,-0.955676052823301,False,True,False
Malaysia,rsv,2,M2,48,3.656851318260273,4.308291453342086,3.8877349834234045,4.753784120147764,5.566964959634912,5.089208454616501,2.1365872870734175,2.5172039952111063,2.271485608292326,negative_binomial,-6.313728534989312,False,True,False
Malaysia,rsv,2,M3,48,3.5998908943852683,3.476289708807588,3.454433142729222,4.577242967670712,4.785522315003955,4.586514865348671,2.1033070394161117,2.0310906163819613,2.0183204878867365,xgboost,0.6287325829889805,True,True,True
Malaysia,rsv,4,M2,48,3.997952186049955,4.561729111354977,4.1343024669781405,5.1850401917695965,5.927001942924968,5.45762283059537,2.3358821761190747,2.6652799302298744,2.415547508796217,negative_binomial,-3.4105030421312206,False,True,False
Malaysia,rsv,4,M3,48,3.8905355805392468,3.6419150389048007,3.7310986389254306,4.924289131960279,4.844504140298326,4.838145574807964,2.273121912225178,2.127860472169097,2.179967744091263,xgboost,-2.4488105589483826,True,False,False
Malaysia,sarscov2,1,M2,46,1328.8378774199737,830.805729576281,828.2209239289487,1979.4861220084958,1661.9277641909491,1214.9628560666008,0.2431334132572643,0.15200999024633668,0.15153705624112698,xgboost,0.3111203444216298,True,True,True
Malaysia,sarscov2,1,M3,46,1003.6570798603016,859.21421014152,865.397154683296,1599.0234697480191,1637.6964567272719,1457.7656915028947,0.1836360745827322,0.15720780328481634,0.15833907778862646,xgboost,-0.7196045489933908,True,False,False
Malaysia,sarscov2,2,M2,46,2797.9991805483173,1171.7702318183801,1677.8886406207268,5552.535578407218,2177.8181806758307,3661.231428859368,0.5119413757068418,0.21439522522371499,0.30699816673782054,xgboost,-43.19263240003465,True,False,False
Malaysia,sarscov2,2,M3,46,1814.827997559423,1179.3570569469798,1401.2539446061194,3512.4690200496934,2298.943380141546,2795.2926933247713,0.33205354318931335,0.21578336347642935,0.25638316018938795,xgboost,-18.815072700168304,True,False,False
Malaysia,sarscov2,4,M2,46,5541.592684049149,2563.137200204737,3759.760720142923,10493.282914883202,4739.147593616572,7325.499386951202,1.013928310630576,0.46896939553107797,0.687911951075454,xgboost,-46.68589413951789,True,False,False
Malaysia,sarscov2,4,M3,46,3632.9735769773483,2411.070059071746,2925.183583682208,6432.9049166959085,4791.099637029592,5481.403050069088,0.664714094212106,0.4411461345477871,0.5352119180148842,xgboost,-21.323043794438465,True,False,False
