model,nb_weight,xgb_weight,validation_macro_scaled_mae,validation_macro_unscaled_mae,number_of_series,number_of_validation_rows
M2,0.0,1.0,3.401734542636051,1056.1936165810946,24,1248
M2,0.1,0.9,3.2184154377940444,1055.044472448031,24,1248
M2,0.2,0.8,3.0644269805413735,1071.54444132028,24,1248
M2,0.3,0.7,2.94595650254562,1108.5593854259266,24,1248
M2,0.4,0.6,2.878159618639349,1159.609529446847,24,1248
M2,0.5,0.5,2.871084956217771,1214.1467759154145,24,1248
M2,0.6,0.4,2.92595806886675,1271.1110968489456,24,1248
M2,0.7,0.30000000000000004,3.0334964273573113,1332.8651319306684,24,1248
M2,0.8,0.19999999999999996,3.174468461663279,1397.5308723894004,24,1248
M2,0.9,0.09999999999999998,3.35347084312289,1465.2479740735516,24,1248
M2,1.0,0.0,3.567951378531474,1535.2723349144317,24,1248
M3,0.0,1.0,3.28690861142923,1059.2960554913059,24,1248
M3,0.1,0.9,3.1441252191339273,1057.7775435163178,24,1248
M3,0.2,0.8,3.0231748868782877,1087.3526248070107,24,1248
M3,0.3,0.7,2.927556486173644,1134.243793580352,24,1248
M3,0.4,0.6,2.8656921404834037,1187.9341957247711,24,1248
M3,0.5,0.5,2.85825401224567,1246.50840388866,24,1248
M3,0.6,0.4,2.902809086415034,1307.2419181490422,24,1248
M3,0.7,0.30000000000000004,2.999749024621917,1371.0922383168843,24,1248
M3,0.8,0.19999999999999996,3.1533641514073723,1438.1434321973595,24,1248
M3,0.9,0.09999999999999998,3.3319344889673057,1507.074763649889,24,1248
M3,1.0,0.0,3.5374261793110713,1577.9016512147555,24,1248
