country,total_weeks,first_week,last_week,influenza_observed_weeks,rsv_observed_weeks,sarscov2_observed_weeks,influenza_rsv_observed_weeks,three_pathogen_observed_weeks
Brunei Darussalam,311,2019-12-30,2025-12-22,254,254,261,254,204
Cambodia,988,2007-01-01,2025-12-22,987,0,0,0,0
Indonesia,834,2010-01-04,2025-12-22,834,313,252,313,252
Lao People's Democratic Republic,778,2011-01-03,2025-12-22,778,0,0,0,0
Malaysia,1458,1996-12-30,2025-12-22,1458,459,260,459,260
Myanmar,467,2016-01-04,2025-12-22,467,0,0,0,0
Philippines,1239,2001-12-31,2025-12-22,1234,462,208,462,206
Singapore,983,2007-01-01,2025-12-22,983,0,209,0,0
Thailand,1127,2003-12-29,2025-12-22,1127,156,312,156,155
Viet Nam,1039,2006-01-02,2025-12-22,1037,155,205,155,0
