forecast_horizon_weeks,information_set,forecast_method,number_of_series,macro_mean_mae,median_mae,macro_mean_rmse,macro_mean_mase,median_mase
1,M2,Baseline: Persistence,9,70.09281216285186,6.708333333333333,122.71776529756815,2.3522041337890216,1.8623700984687683
1,M2,Baseline: Recent mean (4 weeks),9,204.92288668672597,5.760416666666667,392.95170444138967,2.1437760933744583,1.7996548805976929
1,M2,Baseline: Seasonal naive (52 weeks),9,739.9626600545251,14.166666666666666,1235.379507569785,4.3114249013071815,3.990452521436592
1,M2,Ensemble,9,578.003827947047,8.39861018988656,908.3184054376987,2.2911198560128097,2.19524824783983
1,M2,Negative Binomial,9,990.2484026575944,7.976512243891507,1627.4676262894318,2.74408831578772,2.085003526747846
1,M2,XGBoost,9,221.64506228062135,10.22981854353763,308.8560423602883,2.506161925835721,2.5373183883824133
1,M3,Baseline: Persistence,9,70.09281216285186,6.708333333333333,122.71776529756815,2.3522041337890216,1.8623700984687683
1,M3,Baseline: Recent mean (4 weeks),9,204.92288668672597,5.760416666666667,392.95170444138967,2.1437760933744583,1.7996548805976929
1,M3,Baseline: Seasonal naive (52 weeks),9,739.9626600545251,14.166666666666666,1235.379507569785,4.3114249013071815,3.990452521436592
1,M3,Ensemble,9,1594.973431417097,11.053247612250976,3760.3830617862695,2.9136341707880247,2.5040834604860143
1,M3,Negative Binomial,9,3035.9561192797046,10.75504708328897,7338.441719081172,3.1561759866488392,2.562280709318868
1,M3,XGBoost,9,200.69755219534318,11.519231359978514,307.9498806924989,2.9405532641120495,2.617821131610512
2,M2,Baseline: Persistence,9,134.21846182917614,7.041666666666667,295.11816894519615,2.3519152095810787,1.9743783225906957
2,M2,Baseline: Recent mean (4 weeks),9,279.3473411123709,6.458333333333333,534.2232214101825,2.3414937742767297,1.9883358404896825
2,M2,Baseline: Seasonal naive (52 weeks),9,890.9604906777525,13.208333333333334,1543.7115144403817,4.290919713304939,3.8243862740897967
2,M2,Ensemble,9,2688.1748292086727,10.024995519939333,6322.27361280505,2.765235967480836,2.4909415052818096
2,M2,Negative Binomial,9,5103.048147277003,8.143187821209759,12349.893696411164,3.5739019990262832,2.9456740029948922
2,M2,XGBoost,9,353.08792752033514,12.083119966829459,543.6212885516129,2.809628001376317,2.892022027783539
2,M3,Baseline: Persistence,9,134.21846182917614,7.041666666666667,295.11816894519615,2.3519152095810787,1.9743783225906957
2,M3,Baseline: Recent mean (4 weeks),9,279.3473411123709,6.458333333333333,534.2232214101825,2.3414937742767297,1.9883358404896825
2,M3,Baseline: Seasonal naive (52 weeks),9,890.9604906777525,13.208333333333334,1543.7115144403817,4.290919713304939,3.8243862740897967
2,M3,Ensemble,9,4745.083634002992,10.888865088568034,11940.412952220342,3.355201412703679,3.2501371496125504
2,M3,Negative Binomial,9,9275.839122679394,10.483658789253036,23712.132322060916,3.9749353091342208,3.4755928483215097
2,M3,XGBoost,9,275.2305747493535,11.29407138788303,405.1148728039604,3.121948988408458,2.5423001925148565
4,M2,Baseline: Persistence,9,298.35969557993366,6.833333333333333,657.4303163238585,2.8409044970147774,2.2018333885070005
4,M2,Baseline: Recent mean (4 weeks),9,411.5746101118125,7.770833333333333,794.4203739191738,2.8625309402298,2.3376957042431794
4,M2,Baseline: Seasonal naive (52 weeks),9,876.9038505342077,12.75,1513.760354493662,4.421014922600203,3.786772437832259
4,M2,Ensemble,9,5004.47806141386,12.013323541114167,13360.861293539785,3.4380673452203547,3.3940805417588207
4,M2,Negative Binomial,9,9497.650236669077,10.774335752918846,25978.771752147935,4.570318603607326,3.7217670351733023
4,M2,XGBoost,9,585.9827247404603,13.549665444166978,985.3430324415411,3.106768688491501,3.1643105104269376
4,M3,Baseline: Persistence,9,298.35969557993366,6.833333333333333,657.4303163238585,2.8409044970147774,2.2018333885070005
4,M3,Baseline: Recent mean (4 weeks),9,411.5746101118125,7.770833333333333,794.4203739191738,2.8625309402298,2.3376957042431794
4,M3,Baseline: Seasonal naive (52 weeks),9,876.9038505342077,12.75,1513.760354493662,4.421014922600203,3.786772437832259
4,M3,Ensemble,9,7993.138790142349,12.043672874380169,22461.67833468791,4.010878610511216,3.970162112369592
4,M3,Negative Binomial,9,15442.081852495163,11.733941859669185,44163.65788653195,4.874224729808211,3.7009363435533924
4,M3,XGBoost,9,576.9492591183084,12.54430807761483,996.9596995575508,3.5806826787876878,2.759694586264716
