country,target_pathogen,forecast_horizon_weeks,NB_M3_improvement_pct,XGB_M3_improvement_pct,same_direction
Brunei Darussalam,influenza,1,32.07914739230742,2.9023305169829023,True
Brunei Darussalam,influenza,2,40.13445574314827,14.335447142895454,True
Brunei Darussalam,influenza,4,41.84617000577753,7.425664638246207,True
Brunei Darussalam,rsv,1,7.218374698271961,-1.441205403027871,False
Brunei Darussalam,rsv,2,4.765458429961721,-5.902792467860167,False
Brunei Darussalam,rsv,4,5.088873572018058,-6.541340107232392,False
Brunei Darussalam,sarscov2,1,2.4750221710081353,-10.987502194401449,False
Brunei Darussalam,sarscov2,2,1.400924080462941,-1.486398550617066,False
Brunei Darussalam,sarscov2,4,19.122242353780567,5.529087115761647,True
Indonesia,influenza,1,-34.83395692804575,-12.604454428523855,True
Indonesia,influenza,2,-28.741458743555977,6.530172514321824,False
Indonesia,influenza,4,-8.906406192979228,7.419794759470957,False
Indonesia,rsv,1,-380.6995574770344,,True
Indonesia,rsv,2,55.36132245519203,,False
Indonesia,rsv,4,98.63394449144452,,False
Indonesia,sarscov2,1,-274.40488520595574,28.387468826813475,False
Indonesia,sarscov2,2,-90.16514970076454,41.10374927518237,False
Indonesia,sarscov2,4,-70.01413196139023,-6.485111681302331,True
Malaysia,influenza,1,-97.33751458080258,-95.55653682446648,True
Malaysia,influenza,2,-63.588520558550336,-104.06032914102074,True
Malaysia,influenza,4,-50.91491172480964,-99.25984318860615,True
Malaysia,rsv,1,0.6356353991652347,8.125440494499067,True
Malaysia,rsv,2,1.557635761415195,19.311640206910475,True
Malaysia,rsv,4,2.6867906496109915,20.163715336813652,True
Malaysia,sarscov2,1,24.47106626664133,-3.419389100713979,False
Malaysia,sarscov2,2,35.138365651566225,-0.6474669625995084,False
Malaysia,sarscov2,4,34.44170685019032,5.932852175094026,True
