information_set,forecast_method,number_of_series,mean_mae_rank,median_mae_rank,mean_rmse_rank,mean_mase_rank,macro_mean_mase,median_mase
M2,Baseline: Persistence,27,1.8148148148148149,1.0,1.8888888888888888,1.9166666666666667,2.515007946794959,1.9074307570476245
M2,Baseline: Recent mean (4 weeks),27,2.3333333333333335,2.0,2.5925925925925926,2.5,2.4492669359603294,2.071426977651419
M2,Baseline: Seasonal naive (52 weeks),27,4.962962962962963,6.0,5.037037037037037,5.458333333333333,4.341119845737441,3.953935667504008
M2,Ensemble,27,3.5925925925925926,4.0,3.185185185185185,3.4166666666666665,2.8314743895713335,2.562972455533755
M2,Negative Binomial,27,4.407407407407407,5.0,4.518518518518518,4.208333333333333,3.629436306140443,2.624437082388255
M2,XGBoost,27,3.2222222222222223,3.0,3.111111111111111,3.5,2.807519538567846,2.7155270472569395
M3,Baseline: Persistence,27,2.111111111111111,1.0,2.111111111111111,2.25,2.515007946794959,1.9074307570476245
M3,Baseline: Recent mean (4 weeks),27,2.4814814814814814,2.0,2.6296296296296298,2.6666666666666665,2.4492669359603294,2.071426977651419
M3,Baseline: Seasonal naive (52 weeks),27,4.814814814814815,6.0,4.814814814814815,5.291666666666667,4.341119845737441,3.953935667504008
M3,Ensemble,27,3.4444444444444446,4.0,3.3333333333333335,3.25,3.426571398000973,3.1222873448132225
M3,Negative Binomial,27,4.296296296296297,5.0,4.222222222222222,4.083333333333333,4.00177867519709,3.040105957626926
M3,XGBoost,27,3.185185185185185,3.0,3.2222222222222223,3.4583333333333335,3.2143949771027316,2.5906851204084242
