analysis_group,country,target_pathogen,forecast_horizon_weeks,information_set,forecast_method,n,mae,rmse,mase,mean_error,mase_scale_training_only,mae_rank,rmse_rank,mase_rank,mae_win_or_tie,rmse_win_or_tie,mase_win_or_tie
primary_regional,Brunei Darussalam,influenza,1,M2,Baseline: Persistence,27,3.074074074074074,3.7367048268444973,7.036213991769547,-0.037037037037037035,0.4368932038834951,4.0,3.0,4.0,False,False,False
primary_regional,Brunei Darussalam,influenza,1,M2,Baseline: Recent mean (4 weeks),27,2.3425925925925926,2.7851291611780673,5.361934156378601,-0.6018518518518519,0.4368932038834951,1.0,1.0,1.0,True,True,True
primary_regional,Brunei Darussalam,influenza,1,M2,Baseline: Seasonal naive (52 weeks),27,3.7037037037037037,4.776485613378817,8.477366255144034,-0.8888888888888888,0.4368932038834951,6.0,5.0,6.0,False,False,False
primary_regional,Brunei Darussalam,influenza,1,M2,Ensemble,27,2.476822697749188,3.086912842289977,5.66917195262592,-0.39454142022479693,0.4368932038834951,2.0,2.0,2.0,False,False,False
primary_regional,Brunei Darussalam,influenza,1,M2,Negative Binomial,27,3.6485346267601266,5.162795060910347,8.351090367917624,0.742352066779609,0.4368932038834951,5.0,6.0,5.0,False,False,False
primary_regional,Brunei Darussalam,influenza,1,M2,XGBoost,27,2.8976111456526863,3.8544402279239116,6.632309955605038,-1.5314349072292028,0.4368932038834951,3.0,4.0,3.0,False,False,False
primary_regional,Brunei Darussalam,influenza,1,M3,Baseline: Persistence,27,3.074074074074074,3.7367048268444973,7.036213991769547,-0.037037037037037035,0.4368932038834951,5.0,5.0,5.0,False,False,False
primary_regional,Brunei Darussalam,influenza,1,M3,Baseline: Recent mean (4 weeks),27,2.3425925925925926,2.7851291611780673,5.361934156378601,-0.6018518518518519,0.4368932038834951,1.0,1.0,1.0,True,True,True
primary_regional,Brunei Darussalam,influenza,1,M3,Baseline: Seasonal naive (52 weeks),27,3.7037037037037037,4.776485613378817,8.477366255144034,-0.8888888888888888,0.4368932038834951,6.0,6.0,6.0,False,False,False
primary_regional,Brunei Darussalam,influenza,1,M3,Ensemble,27,2.5965492078171555,3.40788973206404,5.943212631225934,-1.6982286512491367,0.4368932038834951,2.0,2.0,2.0,False,False,False
primary_regional,Brunei Darussalam,influenza,1,M3,Negative Binomial,27,2.6961951453744297,3.507968163773553,6.171291110523695,-1.917158002069055,0.4368932038834951,3.0,3.0,3.0,False,False,False
primary_regional,Brunei Darussalam,influenza,1,M3,XGBoost,27,2.7965600144133096,3.6688201546937895,6.401015144101576,-1.4792993004292172,0.4368932038834951,4.0,4.0,4.0,False,False,False
primary_regional,Brunei Darussalam,influenza,2,M2,Baseline: Persistence,28,2.7857142857142856,4.0970372570571385,6.376190476190477,0.21428571428571427,0.4368932038834951,2.0,3.0,2.0,False,False,False
primary_regional,Brunei Darussalam,influenza,2,M2,Baseline: Recent mean (4 weeks),28,2.4910714285714284,3.281101187101672,5.701785714285714,-0.22321428571428573,0.4368932038834951,1.0,1.0,1.0,True,True,True
primary_regional,Brunei Darussalam,influenza,2,M2,Baseline: Seasonal naive (52 weeks),28,3.5357142857142856,4.563050358195554,8.092857142857143,-0.5357142857142857,0.4368932038834951,5.0,5.0,5.0,False,False,False
primary_regional,Brunei Darussalam,influenza,2,M2,Ensemble,28,2.808146231726783,3.734451433798926,6.427534708174637,-0.1917617214729183,0.4368932038834951,3.0,2.0,3.0,False,False,False
primary_regional,Brunei Darussalam,influenza,2,M2,Negative Binomial,28,4.295696194357801,5.831789950220735,9.832371289307858,1.0255598347956458,0.4368932038834951,6.0,6.0,6.0,False,False,False
primary_regional,Brunei Darussalam,influenza,2,M2,XGBoost,28,3.2810130184234017,4.140623936069366,7.509874242169119,-1.4090832777414821,0.4368932038834951,4.0,4.0,4.0,False,False,False
primary_regional,Brunei Darussalam,influenza,2,M3,Baseline: Persistence,28,2.7857142857142856,4.0970372570571385,6.376190476190477,0.21428571428571427,0.4368932038834951,3.0,5.0,3.0,False,False,False
primary_regional,Brunei Darussalam,influenza,2,M3,Baseline: Recent mean (4 weeks),28,2.4910714285714284,3.281101187101672,5.701785714285714,-0.22321428571428573,0.4368932038834951,1.0,1.0,1.0,True,True,True
primary_regional,Brunei Darussalam,influenza,2,M3,Baseline: Seasonal naive (52 weeks),28,3.5357142857142856,4.563050358195554,8.092857142857143,-0.5357142857142857,0.4368932038834951,6.0,6.0,6.0,False,False,False
primary_regional,Brunei Darussalam,influenza,2,M3,Ensemble,28,2.6063553434031097,3.422706455258185,5.965657786011563,-1.4054736166425497,0.4368932038834951,2.0,2.0,2.0,False,False,False
primary_regional,Brunei Darussalam,influenza,2,M3,Negative Binomial,28,2.8128294616561687,3.5468013176715623,6.438254101124119,-1.5029009328170153,0.4368932038834951,4.0,3.0,4.0,False,False,False
primary_regional,Brunei Darussalam,influenza,2,M3,XGBoost,28,2.9052309316485796,3.7309654642521055,6.64975079910675,-1.3080463004680845,0.4368932038834951,5.0,4.0,5.0,False,False,False
primary_regional,Brunei Darussalam,influenza,4,M2,Baseline: Persistence,28,3.357142857142857,4.675162334843877,7.684126984126984,0.35714285714285715,0.4368932038834951,2.0,4.0,2.0,False,False,False
primary_regional,Brunei Darussalam,influenza,4,M2,Baseline: Recent mean (4 weeks),28,3.7232142857142856,4.619204863548333,8.52202380952381,0.5446428571428571,0.4368932038834951,4.0,3.0,4.0,False,False,False
primary_regional,Brunei Darussalam,influenza,4,M2,Baseline: Seasonal naive (52 weeks),28,3.892857142857143,4.902623204542063,8.910317460317462,-0.25,0.4368932038834951,5.0,5.0,5.0,False,False,False
primary_regional,Brunei Darussalam,influenza,4,M2,Ensemble,28,3.376184712332627,4.166710905579113,7.72771167489468,0.10532846633722379,0.4368932038834951,3.0,1.0,3.0,False,True,False
primary_regional,Brunei Darussalam,influenza,4,M2,Negative Binomial,28,5.1774733571926905,7.059829220383589,11.850661239796603,1.821351089094907,0.4368932038834951,6.0,6.0,6.0,False,False,False
primary_regional,Brunei Darussalam,influenza,4,M2,XGBoost,28,3.2216571685149877,4.1689713824832095,7.3740152968231945,-1.6106941564204593,0.4368932038834951,1.0,2.0,1.0,True,False,True
primary_regional,Brunei Darussalam,influenza,4,M3,Baseline: Persistence,28,3.357142857142857,4.675162334843877,7.684126984126984,0.35714285714285715,0.4368932038834951,4.0,5.0,4.0,False,False,False
primary_regional,Brunei Darussalam,influenza,4,M3,Baseline: Recent mean (4 weeks),28,3.7232142857142856,4.619204863548333,8.52202380952381,0.5446428571428571,0.4368932038834951,5.0,4.0,5.0,False,False,False
primary_regional,Brunei Darussalam,influenza,4,M3,Baseline: Seasonal naive (52 weeks),28,3.892857142857143,4.902623204542063,8.910317460317462,-0.25,0.4368932038834951,6.0,6.0,6.0,False,False,False
primary_regional,Brunei Darussalam,influenza,4,M3,Ensemble,28,2.8258650712568913,3.7664221557482653,6.468091163099107,-1.4437062292476708,0.4368932038834951,1.0,1.0,1.0,True,True,True
primary_regional,Brunei Darussalam,influenza,4,M3,Negative Binomial,28,3.249892787874736,4.0864295230110415,7.4386434922466185,-1.1966642868827433,0.4368932038834951,3.0,3.0,3.0,False,False,False
primary_regional,Brunei Darussalam,influenza,4,M3,XGBoost,28,3.0555525457426223,3.9654537983788245,6.993820271366447,-1.6907481716125992,0.4368932038834951,2.0,2.0,2.0,False,False,False
primary_regional,Brunei Darussalam,rsv,1,M2,Baseline: Persistence,27,2.2222222222222223,2.841491522787649,5.322997416020672,0.2962962962962963,0.4174757281553398,5.0,5.0,5.0,False,False,False
primary_regional,Brunei Darussalam,rsv,1,M2,Baseline: Recent mean (4 weeks),27,1.8240740740740742,2.3008653766532023,4.369293712316969,0.19444444444444445,0.4174757281553398,4.0,4.0,4.0,False,False,False
primary_regional,Brunei Darussalam,rsv,1,M2,Baseline: Seasonal naive (52 weeks),27,4.111111111111111,5.808678054492325,9.847545219638242,3.0,0.4174757281553398,6.0,6.0,6.0,False,False,False
primary_regional,Brunei Darussalam,rsv,1,M2,Ensemble,27,1.7535759824587405,2.1839241687040523,4.200426190540704,-0.6072556187861161,0.4174757281553398,2.0,1.0,2.0,False,True,False
primary_regional,Brunei Darussalam,rsv,1,M2,Negative Binomial,27,1.7498822759684847,2.2402924187361597,4.1915784749942775,-0.9328430270228146,0.4174757281553398,1.0,3.0,1.0,True,False,True
primary_regional,Brunei Darussalam,rsv,1,M2,XGBoost,27,1.7970841394061636,2.2113336505769157,4.304643403693834,-0.2816682105494178,0.4174757281553398,3.0,2.0,3.0,False,False,False
primary_regional,Brunei Darussalam,rsv,1,M3,Baseline: Persistence,27,2.2222222222222223,2.841491522787649,5.322997416020672,0.2962962962962963,0.4174757281553398,5.0,5.0,5.0,False,False,False
primary_regional,Brunei Darussalam,rsv,1,M3,Baseline: Recent mean (4 weeks),27,1.8240740740740742,2.3008653766532023,4.369293712316969,0.19444444444444445,0.4174757281553398,3.0,3.0,3.0,False,False,False
primary_regional,Brunei Darussalam,rsv,1,M3,Baseline: Seasonal naive (52 weeks),27,4.111111111111111,5.808678054492325,9.847545219638242,3.0,0.4174757281553398,6.0,6.0,6.0,False,False,False
primary_regional,Brunei Darussalam,rsv,1,M3,Ensemble,27,1.651580349385548,2.061426477387684,3.956111069458406,-0.3226738467602143,0.4174757281553398,2.0,1.0,2.0,False,True,False
primary_regional,Brunei Darussalam,rsv,1,M3,Negative Binomial,27,1.6459874765325972,2.116937996675637,3.9427141879734307,-0.8000873973823646,0.4174757281553398,1.0,2.0,1.0,True,False,True
primary_regional,Brunei Darussalam,rsv,1,M3,XGBoost,27,1.8550191331120534,2.3729699948328893,4.443417923500966,0.15473970386193553,0.4174757281553398,4.0,4.0,4.0,False,False,False
primary_regional,Brunei Darussalam,rsv,2,M2,Baseline: Persistence,28,2.142857142857143,2.6457513110645907,5.132890365448505,0.14285714285714285,0.4174757281553398,5.0,5.0,5.0,False,False,False
primary_regional,Brunei Darussalam,rsv,2,M2,Baseline: Recent mean (4 weeks),28,1.9732142857142858,2.4039587885699825,4.726536544850498,-0.0625,0.4174757281553398,4.0,4.0,4.0,False,False,False
primary_regional,Brunei Darussalam,rsv,2,M2,Baseline: Seasonal naive (52 weeks),28,4.178571428571429,5.7414532754595955,10.009136212624586,2.6785714285714284,0.4174757281553398,6.0,6.0,6.0,False,False,False
primary_regional,Brunei Darussalam,rsv,2,M2,Ensemble,28,1.7611465584522874,2.2424294678424586,4.218560360943852,-0.6944868189462367,0.4174757281553398,1.0,1.0,1.0,True,True,True
primary_regional,Brunei Darussalam,rsv,2,M2,Negative Binomial,28,1.782010619804497,2.295963873202382,4.26853706604333,-1.1084160500461533,0.4174757281553398,2.0,2.0,2.0,False,False,False
primary_regional,Brunei Darussalam,rsv,2,M2,XGBoost,28,1.9668033816237664,2.39877997971741,4.7111801931918125,-0.2805575878463201,0.4174757281553398,3.0,3.0,3.0,False,False,False
primary_regional,Brunei Darussalam,rsv,2,M3,Baseline: Persistence,28,2.142857142857143,2.6457513110645907,5.132890365448505,0.14285714285714285,0.4174757281553398,5.0,5.0,5.0,False,False,False
primary_regional,Brunei Darussalam,rsv,2,M3,Baseline: Recent mean (4 weeks),28,1.9732142857142858,2.4039587885699825,4.726536544850498,-0.0625,0.4174757281553398,3.0,3.0,3.0,False,False,False
primary_regional,Brunei Darussalam,rsv,2,M3,Baseline: Seasonal naive (52 weeks),28,4.178571428571429,5.7414532754595955,10.009136212624586,2.6785714285714284,0.4174757281553398,6.0,6.0,6.0,False,False,False
primary_regional,Brunei Darussalam,rsv,2,M3,Ensemble,28,1.7777277758910182,2.159864379933662,4.258278160855229,-0.4412908518570407,0.4174757281553398,2.0,1.0,2.0,False,True,False
primary_regional,Brunei Darussalam,rsv,2,M3,Negative Binomial,28,1.7186566802022616,2.2139468346891453,4.116782280484487,-0.9413448146013154,0.4174757281553398,1.0,2.0,1.0,True,False,True
primary_regional,Brunei Darussalam,rsv,2,M3,XGBoost,28,2.074975998128827,2.4430599045976034,4.970291344355097,0.058763110887233676,0.4174757281553398,4.0,4.0,4.0,False,False,False
primary_regional,Brunei Darussalam,rsv,4,M2,Baseline: Persistence,28,2.357142857142857,3.0237157840738176,5.646179401993356,0.07142857142857142,0.4174757281553398,5.0,5.0,5.0,False,False,False
primary_regional,Brunei Darussalam,rsv,4,M2,Baseline: Recent mean (4 weeks),28,1.8839285714285714,2.325614358155097,4.51266611295681,-0.33035714285714285,0.4174757281553398,1.0,1.0,1.0,True,True,True
primary_regional,Brunei Darussalam,rsv,4,M2,Baseline: Seasonal naive (52 weeks),28,4.25,5.784832384286144,10.180232558139535,2.6785714285714284,0.4174757281553398,6.0,6.0,6.0,False,False,False
primary_regional,Brunei Darussalam,rsv,4,M2,Ensemble,28,1.9324324241063386,2.4189150098828875,4.628849760068672,-0.8019389532472412,0.4174757281553398,3.0,2.0,3.0,False,False,False
primary_regional,Brunei Darussalam,rsv,4,M2,Negative Binomial,28,1.891391354491595,2.4678896718725407,4.53054208168917,-1.3060649036187484,0.4174757281553398,2.0,3.0,2.0,False,False,False
primary_regional,Brunei Darussalam,rsv,4,M2,XGBoost,28,2.178262351798989,2.6385747659562186,5.217698191518509,-0.2978130028757335,0.4174757281553398,4.0,4.0,4.0,False,False,False
primary_regional,Brunei Darussalam,rsv,4,M3,Baseline: Persistence,28,2.357142857142857,3.0237157840738176,5.646179401993356,0.07142857142857142,0.4174757281553398,5.0,5.0,5.0,False,False,False
primary_regional,Brunei Darussalam,rsv,4,M3,Baseline: Recent mean (4 weeks),28,1.8839285714285714,2.325614358155097,4.51266611295681,-0.33035714285714285,0.4174757281553398,2.0,1.0,2.0,False,True,False
primary_regional,Brunei Darussalam,rsv,4,M3,Baseline: Seasonal naive (52 weeks),28,4.25,5.784832384286144,10.180232558139535,2.6785714285714284,0.4174757281553398,6.0,6.0,6.0,False,False,False
primary_regional,Brunei Darussalam,rsv,4,M3,Ensemble,28,1.9555186131591547,2.422485971112869,4.684149236171929,-0.5226399927139964,0.4174757281553398,3.0,3.0,3.0,False,False,False
primary_regional,Brunei Darussalam,rsv,4,M3,Negative Binomial,28,1.7656876250634443,2.361043825606491,4.229437799570576,-1.0581116796971728,0.4174757281553398,1.0,2.0,1.0,True,False,True
primary_regional,Brunei Darussalam,rsv,4,M3,XGBoost,28,2.336554306236399,2.9156800735237516,5.596862640519746,0.01283169426917993,0.4174757281553398,4.0,4.0,4.0,False,False,False
primary_regional,Brunei Darussalam,sarscov2,1,M2,Baseline: Persistence,36,191.33333333333334,457.8212290597475,0.19651839561770826,120.77777777777777,973.6153846153846,1.0,1.0,1.0,True,True,True
primary_regional,Brunei Darussalam,sarscov2,1,M2,Baseline: Recent mean (4 weeks),36,473.43055555555554,984.1256924154669,0.486260347809293,348.5138888888889,973.6153846153846,3.0,4.0,3.0,False,False,False
primary_regional,Brunei Darussalam,sarscov2,1,M2,Baseline: Seasonal naive (52 weeks),36,1240.3055555555557,2088.4010962669236,1.2739173755409832,796.9722222222222,973.6153846153846,6.0,6.0,6.0,False,False,False
primary_regional,Brunei Darussalam,sarscov2,1,M2,Ensemble,36,476.2513711926436,974.2692790208365,0.4891576065026757,470.39110990146685,973.6153846153846,4.0,3.0,4.0,False,False,False
primary_regional,Brunei Darussalam,sarscov2,1,M2,Negative Binomial,36,870.6152572148145,1736.0734479513517,0.8942086073945318,868.9271989055213,973.6153846153846,5.0,5.0,5.0,False,False,False
primary_regional,Brunei Darussalam,sarscov2,1,M2,XGBoost,36,272.0538890315268,505.65239961527584,0.2794264484008729,71.85502089741233,973.6153846153846,2.0,2.0,2.0,False,False,False
primary_regional,Brunei Darussalam,sarscov2,1,M3,Baseline: Persistence,36,191.33333333333334,457.8212290597475,0.19651839561770826,120.77777777777777,973.6153846153846,1.0,1.0,1.0,True,True,True
primary_regional,Brunei Darussalam,sarscov2,1,M3,Baseline: Recent mean (4 weeks),36,473.43055555555554,984.1256924154669,0.486260347809293,348.5138888888889,973.6153846153846,4.0,4.0,4.0,False,False,False
primary_regional,Brunei Darussalam,sarscov2,1,M3,Baseline: Seasonal naive (52 weeks),36,1240.3055555555557,2088.4010962669236,1.2739173755409832,796.9722222222222,973.6153846153846,6.0,6.0,6.0,False,False,False
primary_regional,Brunei Darussalam,sarscov2,1,M3,Ensemble,36,438.0904836872554,829.2291144826437,0.4499625731164036,434.0223331059974,973.6153846153846,3.0,3.0,3.0,False,False,False
primary_regional,Brunei Darussalam,sarscov2,1,M3,Negative Binomial,36,849.0673365745683,1736.0250551181912,0.872076746106454,841.9938569946273,973.6153846153846,5.0,5.0,5.0,False,False,False
primary_regional,Brunei Darussalam,sarscov2,1,M3,XGBoost,36,301.9458160588203,566.3371135343544,0.31012843555065683,26.050809217367526,973.6153846153846,2.0,2.0,2.0,False,False,False
primary_regional,Brunei Darussalam,sarscov2,2,M2,Baseline: Persistence,36,289.94444444444446,697.6778148496147,0.297801831222073,258.94444444444446,973.6153846153846,1.0,1.0,1.0,True,True,True
primary_regional,Brunei Darussalam,sarscov2,2,M2,Baseline: Recent mean (4 weeks),36,638.1180555555555,1220.289060274245,0.6554108179048923,398.5763888888889,973.6153846153846,3.0,4.0,3.0,False,False,False
primary_regional,Brunei Darussalam,sarscov2,2,M2,Baseline: Seasonal naive (52 weeks),36,1182.8333333333333,1967.1264151887476,1.2148876774380448,736.8333333333334,973.6153846153846,5.0,6.0,5.0,False,False,False
primary_regional,Brunei Darussalam,sarscov2,2,M2,Ensemble,36,857.5869976747143,972.9811598003413,0.8808272868587569,579.4450003695272,973.6153846153846,4.0,3.0,4.0,False,False,False
primary_regional,Brunei Darussalam,sarscov2,2,M2,Negative Binomial,36,1357.099772725499,1452.141090445877,1.393876672626332,1213.494237213823,973.6153846153846,6.0,5.0,6.0,False,False,False
primary_regional,Brunei Darussalam,sarscov2,2,M2,XGBoost,36,430.74144233900745,845.9451861842034,0.44241437547658186,-54.60423647476884,973.6153846153846,2.0,2.0,2.0,False,False,False
primary_regional,Brunei Darussalam,sarscov2,2,M3,Baseline: Persistence,36,289.94444444444446,697.6778148496147,0.297801831222073,258.94444444444446,973.6153846153846,1.0,1.0,1.0,True,True,True
primary_regional,Brunei Darussalam,sarscov2,2,M3,Baseline: Recent mean (4 weeks),36,638.1180555555555,1220.289060274245,0.6554108179048923,398.5763888888889,973.6153846153846,3.0,3.0,3.0,False,False,False
primary_regional,Brunei Darussalam,sarscov2,2,M3,Baseline: Seasonal naive (52 weeks),36,1182.8333333333333,1967.1264151887476,1.2148876774380448,736.8333333333334,973.6153846153846,5.0,5.0,5.0,False,False,False
primary_regional,Brunei Darussalam,sarscov2,2,M3,Ensemble,36,717.2449761398501,1283.0365067853224,0.7366820486543455,694.4762070027149,973.6153846153846,4.0,4.0,4.0,False,False,False
primary_regional,Brunei Darussalam,sarscov2,2,M3,Negative Binomial,36,1338.0878352134798,2691.5170785974615,1.3743495186675545,1331.9939485671782,973.6153846153846,6.0,6.0,6.0,False,False,False
primary_regional,Brunei Darussalam,sarscov2,2,M3,XGBoost,36,437.1439768948415,739.5391677313166,0.4489904163413873,56.95846543825118,973.6153846153846,2.0,2.0,2.0,False,False,False
primary_regional,Brunei Darussalam,sarscov2,4,M2,Baseline: Persistence,37,575.081081081081,1187.5927502896523,0.5906655648300587,409.8918918918919,973.6153846153846,1.0,2.0,1.0,True,False,True
primary_regional,Brunei Darussalam,sarscov2,4,M2,Baseline: Recent mean (4 weeks),37,865.4054054054054,1561.774797111252,0.8888575705356933,445.8918918918919,973.6153846153846,3.0,4.0,3.0,False,False,False
primary_regional,Brunei Darussalam,sarscov2,4,M2,Baseline: Seasonal naive (52 weeks),37,1125.2432432432433,1841.8540159893826,1.1557369172917882,705.5135135135135,973.6153846153846,4.0,6.0,4.0,False,False,False
primary_regional,Brunei Darussalam,sarscov2,4,M2,Ensemble,37,1142.383989681694,1227.5492447521817,1.1733421715937442,837.3685390757703,973.6153846153846,5.0,3.0,5.0,False,False,False
primary_regional,Brunei Darussalam,sarscov2,4,M2,Negative Binomial,37,1745.096550934356,1836.4283437029783,1.79238801944747,1581.2228340971587,973.6153846153846,6.0,5.0,6.0,False,False,False
primary_regional,Brunei Darussalam,sarscov2,4,M2,XGBoost,37,592.7056557243119,937.9731574295963,0.6087677589014817,93.5142440543821,973.6153846153846,2.0,1.0,2.0,False,True,False
primary_regional,Brunei Darussalam,sarscov2,4,M3,Baseline: Persistence,37,575.081081081081,1187.5927502896523,0.5906655648300587,409.8918918918919,973.6153846153846,2.0,2.0,2.0,False,False,False
primary_regional,Brunei Darussalam,sarscov2,4,M3,Baseline: Recent mean (4 weeks),37,865.4054054054054,1561.774797111252,0.8888575705356933,445.8918918918919,973.6153846153846,3.0,4.0,3.0,False,False,False
primary_regional,Brunei Darussalam,sarscov2,4,M3,Baseline: Seasonal naive (52 weeks),37,1125.2432432432433,1841.8540159893826,1.1557369172917882,705.5135135135135,973.6153846153846,5.0,5.0,5.0,False,False,False
primary_regional,Brunei Darussalam,sarscov2,4,M3,Ensemble,37,945.0545771249275,1234.551383930987,0.970665205232208,673.9368169098287,973.6153846153846,4.0,3.0,4.0,False,False,False
primary_regional,Brunei Darussalam,sarscov2,4,M3,Negative Binomial,37,1411.3949591572225,2053.514641259287,1.4496432384485969,1304.981570104765,973.6153846153846,6.0,6.0,6.0,False,False,False
primary_regional,Brunei Darussalam,sarscov2,4,M3,XGBoost,37,559.9344436792684,941.4586375417697,0.575108459179149,42.892063714891925,973.6153846153846,1.0,1.0,1.0,True,True,True
primary_regional,Indonesia,influenza,1,M2,Baseline: Persistence,24,6.708333333333333,8.152198067597066,1.81369150779896,-0.5416666666666666,3.698717948717949,2.0,1.0,2.0,False,True,False
primary_regional,Indonesia,influenza,1,M2,Baseline: Recent mean (4 weeks),24,5.760416666666667,8.553903835871276,1.5574090121317157,-2.59375,3.698717948717949,1.0,2.0,1.0,True,False,True
primary_regional,Indonesia,influenza,1,M2,Baseline: Seasonal naive (52 weeks),24,14.166666666666666,19.544820285692065,3.8301559792027726,-11.666666666666666,3.698717948717949,6.0,6.0,6.0,False,False,False
primary_regional,Indonesia,influenza,1,M2,Ensemble,24,8.39861018988656,12.326855516929937,2.270681437820283,-5.936331586902519,3.698717948717949,4.0,4.0,4.0,False,False,False
primary_regional,Indonesia,influenza,1,M2,Negative Binomial,24,7.976512243891507,11.464504481768742,2.1565613692323655,-3.4952107555437277,3.698717948717949,3.0,3.0,3.0,False,False,False
primary_regional,Indonesia,influenza,1,M2,XGBoost,24,10.22981854353763,14.64161197545589,2.765774164284004,-8.37745241826131,3.698717948717949,5.0,5.0,5.0,False,False,False
primary_regional,Indonesia,influenza,1,M3,Baseline: Persistence,24,6.708333333333333,8.152198067597066,1.81369150779896,-0.5416666666666666,3.698717948717949,2.0,1.0,2.0,False,True,False
primary_regional,Indonesia,influenza,1,M3,Baseline: Recent mean (4 weeks),24,5.760416666666667,8.553903835871276,1.5574090121317157,-2.59375,3.698717948717949,1.0,2.0,1.0,True,False,True
primary_regional,Indonesia,influenza,1,M3,Baseline: Seasonal naive (52 weeks),24,14.166666666666666,19.544820285692065,3.8301559792027726,-11.666666666666666,3.698717948717949,6.0,6.0,6.0,False,False,False
primary_regional,Indonesia,influenza,1,M3,Ensemble,24,11.053247612250976,15.857370100194421,2.988399701059189,-9.668969174347115,3.698717948717949,4.0,4.0,4.0,False,False,False
primary_regional,Indonesia,influenza,1,M3,Negative Binomial,24,10.75504708328897,15.624329618736947,2.907777027717642,-10.01836250849126,3.698717948717949,3.0,3.0,3.0,False,False,False
primary_regional,Indonesia,influenza,1,M3,XGBoost,24,11.519231359978514,16.249976928063685,3.1143849084170676,-9.31957584020297,3.698717948717949,5.0,5.0,5.0,False,False,False
primary_regional,Indonesia,influenza,2,M2,Baseline: Persistence,24,7.041666666666667,9.960338013006051,1.9038128249566724,-0.9583333333333334,3.698717948717949,2.0,2.0,2.0,False,False,False
primary_regional,Indonesia,influenza,2,M2,Baseline: Recent mean (4 weeks),24,6.458333333333333,9.189271371187887,1.7461005199306758,-2.875,3.698717948717949,1.0,1.0,1.0,True,True,True
primary_regional,Indonesia,influenza,2,M2,Baseline: Seasonal naive (52 weeks),24,13.208333333333334,18.915381747843913,3.57105719237435,-11.041666666666666,3.698717948717949,6.0,6.0,6.0,False,False,False
primary_regional,Indonesia,influenza,2,M2,Ensemble,24,10.024995519939333,15.45687579952911,2.7103974022712927,-8.825993467507317,3.698717948717949,4.0,4.0,4.0,False,False,False
primary_regional,Indonesia,influenza,2,M2,Negative Binomial,24,8.143187821209759,12.73630486424137,2.2016244369301945,-6.440677004336469,3.698717948717949,3.0,3.0,3.0,False,False,False
primary_regional,Indonesia,influenza,2,M2,XGBoost,24,12.083119966829459,18.53832229121587,3.2668400603559715,-11.211309930678162,3.698717948717949,5.0,5.0,5.0,False,False,False
primary_regional,Indonesia,influenza,2,M3,Baseline: Persistence,24,7.041666666666667,9.960338013006051,1.9038128249566724,-0.9583333333333334,3.698717948717949,2.0,2.0,2.0,False,False,False
primary_regional,Indonesia,influenza,2,M3,Baseline: Recent mean (4 weeks),24,6.458333333333333,9.189271371187887,1.7461005199306758,-2.875,3.698717948717949,1.0,1.0,1.0,True,True,True
primary_regional,Indonesia,influenza,2,M3,Baseline: Seasonal naive (52 weeks),24,13.208333333333334,18.915381747843913,3.57105719237435,-11.041666666666666,3.698717948717949,6.0,6.0,6.0,False,False,False
primary_regional,Indonesia,influenza,2,M3,Ensemble,24,10.888865088568034,16.748284427167434,2.9439565924031426,-9.744616388379518,3.698717948717949,4.0,4.0,4.0,False,False,False
primary_regional,Indonesia,influenza,2,M3,Negative Binomial,24,10.483658789253036,15.612185316216173,2.834403416158533,-9.540441768151334,3.698717948717949,3.0,3.0,3.0,False,False,False
primary_regional,Indonesia,influenza,2,M3,XGBoost,24,11.29407138788303,17.951270481571687,3.0535097686477513,-9.948791008607701,3.698717948717949,5.0,5.0,5.0,False,False,False
primary_regional,Indonesia,influenza,4,M2,Baseline: Persistence,24,6.833333333333333,9.836157786453,1.847487001733102,-5.583333333333333,3.698717948717949,1.0,1.0,1.0,True,True,True
primary_regional,Indonesia,influenza,4,M2,Baseline: Recent mean (4 weeks),24,7.770833333333333,9.985666811318444,2.100953206239168,-5.5625,3.698717948717949,2.0,2.0,2.0,False,False,False
primary_regional,Indonesia,influenza,4,M2,Baseline: Seasonal naive (52 weeks),24,12.75,18.3166590840142,3.4471403812824954,-11.916666666666666,3.698717948717949,5.0,5.0,5.0,False,False,False
primary_regional,Indonesia,influenza,4,M2,Ensemble,24,12.013323541114167,16.97151422684074,3.2479696229008836,-11.59352798706096,3.698717948717949,4.0,4.0,4.0,False,False,False
primary_regional,Indonesia,influenza,4,M2,Negative Binomial,24,10.774335752918846,14.718262039050261,2.912991988657435,-9.867035247574563,3.698717948717949,3.0,3.0,3.0,False,False,False
primary_regional,Indonesia,influenza,4,M2,XGBoost,24,13.549665444166978,19.470012436913063,3.6633410906240007,-13.32002072654736,3.698717948717949,6.0,6.0,6.0,False,False,False
primary_regional,Indonesia,influenza,4,M3,Baseline: Persistence,24,6.833333333333333,9.836157786453,1.847487001733102,-5.583333333333333,3.698717948717949,1.0,1.0,1.0,True,True,True
primary_regional,Indonesia,influenza,4,M3,Baseline: Recent mean (4 weeks),24,7.770833333333333,9.985666811318444,2.100953206239168,-5.5625,3.698717948717949,2.0,2.0,2.0,False,False,False
primary_regional,Indonesia,influenza,4,M3,Baseline: Seasonal naive (52 weeks),24,12.75,18.3166590840142,3.4471403812824954,-11.916666666666666,3.698717948717949,6.0,5.0,6.0,False,False,False
primary_regional,Indonesia,influenza,4,M3,Ensemble,24,12.043672874380169,17.71703192085853,3.2561749885672553,-11.540359520938665,3.698717948717949,4.0,4.0,4.0,False,False,False
primary_regional,Indonesia,influenza,4,M3,Negative Binomial,24,11.733941859669185,16.674052144409448,3.1724348875362094,-11.117345947775455,3.698717948717949,3.0,3.0,3.0,False,False,False
primary_regional,Indonesia,influenza,4,M3,XGBoost,24,12.54430807761483,18.875267866455662,3.391528700360335,-11.963373094101877,3.698717948717949,5.0,6.0,5.0,False,False,False
primary_regional,Indonesia,rsv,1,M2,Baseline: Persistence,24,0.0,0.0,,0.0,,1.0,1.0,,True,True,False
primary_regional,Indonesia,rsv,1,M2,Baseline: Recent mean (4 weeks),24,0.0,0.0,,0.0,,1.0,1.0,,True,True,False
primary_regional,Indonesia,rsv,1,M2,Baseline: Seasonal naive (52 weeks),24,0.0,0.0,,0.0,,1.0,1.0,,True,True,False
primary_regional,Indonesia,rsv,1,M2,Ensemble,24,9.977719681643643e-10,9.977719681643924e-10,,9.977719681643643e-10,,5.0,5.0,,False,False,False
primary_regional,Indonesia,rsv,1,M2,Negative Binomial,24,1.9955439363287285e-09,1.9955439363287848e-09,,1.9955439363287285e-09,,6.0,6.0,,False,False,False
primary_regional,Indonesia,rsv,1,M2,XGBoost,24,0.0,0.0,,0.0,,1.0,1.0,,True,True,False
primary_regional,Indonesia,rsv,1,M3,Baseline: Persistence,24,0.0,0.0,,0.0,,1.0,1.0,,True,True,False
primary_regional,Indonesia,rsv,1,M3,Baseline: Recent mean (4 weeks),24,0.0,0.0,,0.0,,1.0,1.0,,True,True,False
primary_regional,Indonesia,rsv,1,M3,Baseline: Seasonal naive (52 weeks),24,0.0,0.0,,0.0,,1.0,1.0,,True,True,False
primary_regional,Indonesia,rsv,1,M3,Ensemble,24,4.796285435595995e-09,4.796285435597703e-09,,4.796285435595995e-09,,5.0,5.0,,False,False,False
primary_regional,Indonesia,rsv,1,M3,Negative Binomial,24,9.59257087119199e-09,9.592570871195406e-09,,9.59257087119199e-09,,6.0,6.0,,False,False,False
primary_regional,Indonesia,rsv,1,M3,XGBoost,24,0.0,0.0,,0.0,,1.0,1.0,,True,True,False
primary_regional,Indonesia,rsv,2,M2,Baseline: Persistence,24,0.0,0.0,,0.0,,1.0,1.0,,True,True,False
primary_regional,Indonesia,rsv,2,M2,Baseline: Recent mean (4 weeks),24,0.0,0.0,,0.0,,1.0,1.0,,True,True,False
primary_regional,Indonesia,rsv,2,M2,Baseline: Seasonal naive (52 weeks),24,0.0,0.0,,0.0,,1.0,1.0,,True,True,False
primary_regional,Indonesia,rsv,2,M2,Ensemble,24,2.8210855544799846e-08,2.8210855544807516e-08,,2.8210855544799846e-08,,5.0,5.0,,False,False,False
primary_regional,Indonesia,rsv,2,M2,Negative Binomial,24,5.642171108959968e-08,5.6421711089615025e-08,,5.642171108959968e-08,,6.0,6.0,,False,False,False
primary_regional,Indonesia,rsv,2,M2,XGBoost,24,0.0,0.0,,0.0,,1.0,1.0,,True,True,False
primary_regional,Indonesia,rsv,2,M3,Baseline: Persistence,24,0.0,0.0,,0.0,,1.0,1.0,,True,True,False
primary_regional,Indonesia,rsv,2,M3,Baseline: Recent mean (4 weeks),24,0.0,0.0,,0.0,,1.0,1.0,,True,True,False
primary_regional,Indonesia,rsv,2,M3,Baseline: Seasonal naive (52 weeks),24,0.0,0.0,,0.0,,1.0,1.0,,True,True,False
primary_regional,Indonesia,rsv,2,M3,Ensemble,24,1.259295283927478e-08,1.2592952839276111e-08,,1.259295283927478e-08,,5.0,5.0,,False,False,False
primary_regional,Indonesia,rsv,2,M3,Negative Binomial,24,2.518590567854956e-08,2.5185905678552222e-08,,2.518590567854956e-08,,6.0,6.0,,False,False,False
primary_regional,Indonesia,rsv,2,M3,XGBoost,24,0.0,0.0,,0.0,,1.0,1.0,,True,True,False
primary_regional,Indonesia,rsv,4,M2,Baseline: Persistence,24,0.0,0.0,,0.0,,1.0,1.0,,True,True,False
primary_regional,Indonesia,rsv,4,M2,Baseline: Recent mean (4 weeks),24,0.0,0.0,,0.0,,1.0,1.0,,True,True,False
primary_regional,Indonesia,rsv,4,M2,Baseline: Seasonal naive (52 weeks),24,0.0,0.0,,0.0,,1.0,1.0,,True,True,False
primary_regional,Indonesia,rsv,4,M2,Ensemble,24,1.259482850889198e-07,1.2594828508893252e-07,,1.259482850889198e-07,,5.0,5.0,,False,False,False
primary_regional,Indonesia,rsv,4,M2,Negative Binomial,24,2.518965701778396e-07,2.5189657017786503e-07,,2.518965701778396e-07,,6.0,6.0,,False,False,False
primary_regional,Indonesia,rsv,4,M2,XGBoost,24,0.0,0.0,,0.0,,1.0,1.0,,True,True,False
primary_regional,Indonesia,rsv,4,M3,Baseline: Persistence,24,0.0,0.0,,0.0,,1.0,1.0,,True,True,False
primary_regional,Indonesia,rsv,4,M3,Baseline: Recent mean (4 weeks),24,0.0,0.0,,0.0,,1.0,1.0,,True,True,False
primary_regional,Indonesia,rsv,4,M3,Baseline: Seasonal naive (52 weeks),24,0.0,0.0,,0.0,,1.0,1.0,,True,True,False
primary_regional,Indonesia,rsv,4,M3,Ensemble,24,1.720523486388338e-09,1.7205234863883442e-09,,1.720523486388338e-09,,5.0,5.0,,False,False,False
primary_regional,Indonesia,rsv,4,M3,Negative Binomial,24,3.441046972776676e-09,3.4410469727766883e-09,,3.441046972776676e-09,,6.0,6.0,,False,False,False
primary_regional,Indonesia,rsv,4,M3,XGBoost,24,0.0,0.0,,0.0,,1.0,1.0,,True,True,False
primary_regional,Indonesia,sarscov2,1,M2,Baseline: Persistence,13,161.30769230769232,255.63691198500808,0.014047545280222404,150.07692307692307,11482.98076923077,1.0,1.0,1.0,True,True,True
primary_regional,Indonesia,sarscov2,1,M2,Baseline: Recent mean (4 weeks),13,437.13461538461536,670.3148262914627,0.03806804384415062,375.21153846153845,11482.98076923077,2.0,2.0,2.0,False,False,False
primary_regional,Indonesia,sarscov2,1,M2,Baseline: Seasonal naive (52 weeks),13,1975.923076923077,2556.0349251255425,0.17207405608634851,1970.5384615384614,11482.98076923077,4.0,4.0,4.0,False,False,False
primary_regional,Indonesia,sarscov2,1,M2,Ensemble,13,3886.585234548258,5963.957115957901,0.33846483876055605,3886.585234548258,11482.98076923077,5.0,5.0,5.0,False,False,False
primary_regional,Indonesia,sarscov2,1,M2,Negative Binomial,13,6746.642155261187,10988.915760967131,0.5875340463287335,6746.0439288945345,11482.98076923077,6.0,6.0,6.0,False,False,False
primary_regional,Indonesia,sarscov2,1,M2,XGBoost,13,1032.3740905665406,1264.6733265537866,0.08990471301082725,1027.1265402019812,11482.98076923077,3.0,3.0,3.0,False,False,False
primary_regional,Indonesia,sarscov2,1,M3,Baseline: Persistence,13,161.30769230769232,255.63691198500808,0.014047545280222404,150.07692307692307,11482.98076923077,1.0,1.0,1.0,True,True,True
primary_regional,Indonesia,sarscov2,1,M3,Baseline: Recent mean (4 weeks),13,437.13461538461536,670.3148262914627,0.03806804384415062,375.21153846153845,11482.98076923077,2.0,2.0,2.0,False,False,False
primary_regional,Indonesia,sarscov2,1,M3,Baseline: Seasonal naive (52 weeks),13,1975.923076923077,2556.0349251255425,0.17207405608634851,1970.5384615384614,11482.98076923077,4.0,4.0,4.0,False,False,False
primary_regional,Indonesia,sarscov2,1,M3,Ensemble,13,13094.680295054843,31765.751938582394,1.1403555016083198,13094.680295054843,11482.98076923077,5.0,5.0,5.0,False,False,False
primary_regional,Indonesia,sarscov2,1,M3,Negative Binomial,13,25455.29253046638,62696.90333939879,2.2167843909200937,25455.29253046638,11482.98076923077,6.0,6.0,6.0,False,False,False
primary_regional,Indonesia,sarscov2,1,M3,XGBoost,13,739.2175212471838,1052.2358474911994,0.06437505523199644,734.0680596433011,11482.98076923077,3.0,3.0,3.0,False,False,False
primary_regional,Indonesia,sarscov2,2,M2,Baseline: Persistence,15,275.0,443.79762655216325,0.023948485635095416,267.0,11482.98076923077,1.0,1.0,1.0,True,True,True
primary_regional,Indonesia,sarscov2,2,M2,Baseline: Recent mean (4 weeks),15,530.35,803.950203163521,0.04618574311481038,360.55,11482.98076923077,2.0,2.0,2.0,False,False,False
primary_regional,Indonesia,sarscov2,2,M2,Baseline: Seasonal naive (52 weeks),15,2809.133333333333,4272.158338201742,0.24463450647418558,2809.133333333333,11482.98076923077,4.0,4.0,4.0,False,False,False
primary_regional,Indonesia,sarscov2,2,M2,Ensemble,15,22068.944682981142,54227.72366638371,1.9218829262621429,22068.944682981142,11482.98076923077,5.0,5.0,5.0,False,False,False
primary_regional,Indonesia,sarscov2,2,M2,Negative Binomial,15,42369.02478728879,106705.67963449116,3.68972356905959,42369.02478728879,11482.98076923077,6.0,6.0,6.0,False,False,False
primary_regional,Indonesia,sarscov2,2,M2,XGBoost,15,1772.3196427416783,2776.4085970124556,0.15434316910907828,1768.8645786734885,11482.98076923077,3.0,3.0,3.0,False,False,False
primary_regional,Indonesia,sarscov2,2,M3,Baseline: Persistence,15,275.0,443.79762655216325,0.023948485635095416,267.0,11482.98076923077,1.0,1.0,1.0,True,True,True
primary_regional,Indonesia,sarscov2,2,M3,Baseline: Recent mean (4 weeks),15,530.35,803.950203163521,0.04618574311481038,360.55,11482.98076923077,2.0,2.0,2.0,False,False,False
primary_regional,Indonesia,sarscov2,2,M3,Baseline: Seasonal naive (52 weeks),15,2809.133333333333,4272.158338201742,0.24463450647418558,2809.133333333333,11482.98076923077,4.0,4.0,4.0,False,False,False
primary_regional,Indonesia,sarscov2,2,M3,Ensemble,15,40837.12783671142,104594.45382410551,3.5563177068219587,40837.12783671142,11482.98076923077,5.0,5.0,5.0,False,False,False
primary_regional,Indonesia,sarscov2,2,M3,Negative Binomial,15,80639.895519244,208559.04944922746,7.022557743484401,80639.895519244,11482.98076923077,6.0,6.0,6.0,False,False,False
primary_regional,Indonesia,sarscov2,2,M3,XGBoost,15,1037.727939751832,1480.2613890206283,0.09037095512103241,1034.360154178838,11482.98076923077,3.0,3.0,3.0,False,False,False
primary_regional,Indonesia,sarscov2,4,M2,Baseline: Persistence,15,481.06666666666666,774.4207297500931,0.041893884204326916,440.53333333333336,11482.98076923077,1.0,1.0,1.0,True,True,True
primary_regional,Indonesia,sarscov2,4,M2,Baseline: Recent mean (4 weeks),15,790.3333333333334,1096.0494514391219,0.0688264962918924,307.8,11482.98076923077,2.0,2.0,2.0,False,False,False
primary_regional,Indonesia,sarscov2,4,M2,Baseline: Seasonal naive (52 weeks),15,2586.5333333333333,4062.3959761040855,0.22524929592010473,2582.0,11482.98076923077,4.0,4.0,4.0,False,False,False
primary_regional,Indonesia,sarscov2,4,M2,Ensemble,15,40651.950461657216,112976.88286519801,3.5401914606167577,40537.75590108743,11482.98076923077,5.0,5.0,5.0,False,False,False
primary_regional,Indonesia,sarscov2,4,M2,Negative Binomial,15,79005.19602145164,223679.6032227316,6.880199280064117,78807.28016655402,11482.98076923077,6.0,6.0,6.0,False,False,False
primary_regional,Indonesia,sarscov2,4,M2,XGBoost,15,2303.011337797124,3515.5592737450756,0.20055866887525928,2268.2316356208444,11482.98076923077,3.0,3.0,3.0,False,False,False
primary_regional,Indonesia,sarscov2,4,M3,Baseline: Persistence,15,481.06666666666666,774.4207297500931,0.041893884204326916,440.53333333333336,11482.98076923077,1.0,1.0,1.0,True,True,True
primary_regional,Indonesia,sarscov2,4,M3,Baseline: Recent mean (4 weeks),15,790.3333333333334,1096.0494514391219,0.0688264962918924,307.8,11482.98076923077,2.0,2.0,2.0,False,False,False
primary_regional,Indonesia,sarscov2,4,M3,Baseline: Seasonal naive (52 weeks),15,2586.5333333333333,4062.3959761040855,0.22524929592010473,2582.0,11482.98076923077,4.0,4.0,4.0,False,False,False
primary_regional,Indonesia,sarscov2,4,M3,Ensemble,15,68412.82634011023,196380.1771340189,5.957758504954208,68312.17941393153,11482.98076923077,5.0,5.0,5.0,False,False,False
primary_regional,Indonesia,sarscov2,4,M3,Negative Binomial,15,134368.32129913036,390207.1506157572,11.701519317978578,134196.05997143584,11482.98076923077,6.0,6.0,6.0,False,False,False
primary_regional,Indonesia,sarscov2,4,M3,XGBoost,15,2461.2455069389503,3839.701908501433,0.21433855515407485,2428.2988564272287,11482.98076923077,3.0,3.0,3.0,False,False,False
primary_regional,Malaysia,influenza,1,M2,Baseline: Persistence,49,20.163265306122447,25.406892845872214,2.4786992811308917,-1.4285714285714286,8.134615384615385,1.0,1.0,1.0,True,True,True
primary_regional,Malaysia,influenza,1,M2,Baseline: Recent mean (4 weeks),49,25.474489795918366,31.683684560778893,3.131615766874125,-2.0255102040816326,8.134615384615385,3.0,3.0,3.0,False,False,False
primary_regional,Malaysia,influenza,1,M2,Baseline: Seasonal naive (52 weeks),49,49.816326530612244,64.47163590862802,6.12399285955517,-6.26530612244898,8.134615384615385,6.0,6.0,6.0,False,False,False
primary_regional,Malaysia,influenza,1,M2,Ensemble,49,25.1788937696546,30.572755443229426,3.095277721092291,1.5788840310701149,8.134615384615385,2.0,2.0,2.0,False,False,False
primary_regional,Malaysia,influenza,1,M2,Negative Binomial,49,28.712596628910564,35.60998585838479,3.5296809094641826,7.750629486611524,8.134615384615385,4.0,5.0,4.0,False,False,False
primary_regional,Malaysia,influenza,1,M2,XGBoost,49,28.88436332754483,34.262725231949084,3.5507964374286787,-4.592861424471291,8.134615384615385,5.0,4.0,5.0,False,False,False
primary_regional,Malaysia,influenza,1,M3,Baseline: Persistence,49,20.163265306122447,25.406892845872214,2.4786992811308917,-1.4285714285714286,8.134615384615385,1.0,1.0,1.0,True,True,True
primary_regional,Malaysia,influenza,1,M3,Baseline: Recent mean (4 weeks),49,25.474489795918366,31.683684560778893,3.131615766874125,-2.0255102040816326,8.134615384615385,2.0,2.0,2.0,False,False,False
primary_regional,Malaysia,influenza,1,M3,Baseline: Seasonal naive (52 weeks),49,49.816326530612244,64.47163590862802,6.12399285955517,-6.26530612244898,8.134615384615385,3.0,4.0,3.0,False,False,False
primary_regional,Malaysia,influenza,1,M3,Ensemble,49,54.29232246809127,63.438159350484746,6.674233494895381,-44.66269710201746,8.134615384615385,4.0,3.0,4.0,False,False,False
primary_regional,Malaysia,influenza,1,M3,Negative Binomial,49,56.66072455910343,66.91329956810277,6.9653845793696885,-36.168703722292534,8.134615384615385,6.0,6.0,6.0,False,False,False
primary_regional,Malaysia,influenza,1,M3,XGBoost,49,56.4852606071429,64.81415611381422,6.943814542722058,-53.15669048174237,8.134615384615385,5.0,5.0,5.0,False,False,False
primary_regional,Malaysia,influenza,2,M2,Baseline: Persistence,49,23.79591836734694,30.798886807341407,2.925266560524919,-1.9591836734693877,8.134615384615385,1.0,1.0,1.0,True,True,True
primary_regional,Malaysia,influenza,2,M2,Baseline: Recent mean (4 weeks),49,27.551020408163264,35.26514004000008,3.3868866695614415,-2.795918367346939,8.134615384615385,2.0,3.0,2.0,False,False,False
primary_regional,Malaysia,influenza,2,M2,Baseline: Seasonal naive (52 weeks),49,52.02040816326531,69.37872990524767,6.394943793120085,-4.061224489795919,8.134615384615385,6.0,6.0,6.0,False,False,False
primary_regional,Malaysia,influenza,2,M2,Ensemble,49,28.210161247117924,34.89854578454101,3.467915803428208,-2.921923487102237,8.134615384615385,3.0,2.0,3.0,False,False,False
primary_regional,Malaysia,influenza,2,M2,Negative Binomial,49,38.0371320490614,45.91115844135802,4.67595949539289,7.7539715311073865,8.134615384615385,5.0,5.0,5.0,False,False,False
primary_regional,Malaysia,influenza,2,M2,XGBoost,49,30.14932618927893,36.083976125759285,3.7063001461997738,-13.597818505311862,8.134615384615385,4.0,4.0,4.0,False,False,False
primary_regional,Malaysia,influenza,2,M3,Baseline: Persistence,49,23.79591836734694,30.798886807341407,2.925266560524919,-1.9591836734693877,8.134615384615385,1.0,1.0,1.0,True,True,True
primary_regional,Malaysia,influenza,2,M3,Baseline: Recent mean (4 weeks),49,27.551020408163264,35.26514004000008,3.3868866695614415,-2.795918367346939,8.134615384615385,2.0,2.0,2.0,False,False,False
primary_regional,Malaysia,influenza,2,M3,Baseline: Seasonal naive (52 weeks),49,52.02040816326531,69.37872990524767,6.394943793120085,-4.061224489795919,8.134615384615385,3.0,3.0,3.0,False,False,False
primary_regional,Malaysia,influenza,2,M3,Ensemble,49,58.29123772069049,69.71213008258593,7.165825913654622,-49.326279683722774,8.134615384615385,4.0,4.0,4.0,False,False,False
primary_regional,Malaysia,influenza,2,M3,Negative Binomial,49,62.224381581961744,74.5824307373617,7.649332960430285,-38.8510009613793,8.134615384615385,6.0,6.0,6.0,False,False,False
primary_regional,Malaysia,influenza,2,M3,XGBoost,49,61.52281425564255,71.87294359910287,7.563088277289391,-59.80155840606624,8.134615384615385,5.0,5.0,5.0,False,False,False
primary_regional,Malaysia,influenza,4,M2,Baseline: Persistence,49,33.12244897959184,39.63893159457232,4.071790418294977,-4.142857142857143,8.134615384615385,2.0,1.0,2.0,False,True,False
primary_regional,Malaysia,influenza,4,M2,Baseline: Recent mean (4 weeks),49,31.45408163265306,41.74065030345241,3.866695614415979,-4.862244897959184,8.134615384615385,1.0,3.0,1.0,True,False,True
primary_regional,Malaysia,influenza,4,M2,Baseline: Seasonal naive (52 weeks),49,53.46938775510204,71.05157655261596,6.573068943889612,-2.6122448979591835,8.134615384615385,6.0,6.0,6.0,False,False,False
primary_regional,Malaysia,influenza,4,M2,Ensemble,49,34.06109492649946,41.42761253475385,4.1871795181512335,-27.399685959299923,8.134615384615385,3.0,2.0,3.0,False,False,False
primary_regional,Malaysia,influenza,4,M2,Negative Binomial,49,43.981891645457196,55.22931981383655,5.4067573653989935,-37.32496278961898,8.134615384615385,5.0,5.0,5.0,False,False,False
primary_regional,Malaysia,influenza,4,M2,XGBoost,49,38.238125720618854,45.57499135818927,4.700667937286478,-17.474409128980874,8.134615384615385,4.0,4.0,4.0,False,False,False
primary_regional,Malaysia,influenza,4,M3,Baseline: Persistence,49,33.12244897959184,39.63893159457232,4.071790418294977,-4.142857142857143,8.134615384615385,2.0,1.0,2.0,False,True,False
primary_regional,Malaysia,influenza,4,M3,Baseline: Recent mean (4 weeks),49,31.45408163265306,41.74065030345241,3.866695614415979,-4.862244897959184,8.134615384615385,1.0,2.0,1.0,True,False,True
primary_regional,Malaysia,influenza,4,M3,Baseline: Seasonal naive (52 weeks),49,53.46938775510204,71.05157655261596,6.573068943889612,-2.6122448979591835,8.134615384615385,3.0,3.0,3.0,False,False,False
primary_regional,Malaysia,influenza,4,M3,Ensemble,49,66.00376120727998,81.53070209419487,8.113937547939855,-59.385146003480926,8.134615384615385,4.0,4.0,4.0,False,False,False
primary_regional,Malaysia,influenza,4,M3,Negative Binomial,49,66.37523295164316,84.22201013125647,8.159603105166534,-43.349333631746084,8.134615384615385,5.0,5.0,5.0,False,False,False
primary_regional,Malaysia,influenza,4,M3,XGBoost,49,76.19322934916721,88.64455709318732,9.366543560654124,-75.42095837521576,8.134615384615385,6.0,6.0,6.0,False,False,False
primary_regional,Malaysia,rsv,1,M2,Baseline: Persistence,48,3.2708333333333335,4.220485754033533,1.9110486891385767,0.0625,1.7115384615384617,1.0,1.0,1.0,True,True,True
primary_regional,Malaysia,rsv,1,M2,Baseline: Recent mean (4 weeks),48,3.4947916666666665,4.6056747153194975,2.0419007490636703,0.234375,1.7115384615384617,3.0,3.0,3.0,False,False,False
primary_regional,Malaysia,rsv,1,M2,Baseline: Seasonal naive (52 weeks),48,7.104166666666667,8.97566153550812,4.150749063670411,5.270833333333333,1.7115384615384617,6.0,6.0,6.0,False,False,False
primary_regional,Malaysia,rsv,1,M2,Ensemble,48,3.628145002874703,4.6227396809883565,2.119815057859377,-1.011364560729422,1.7115384615384617,4.0,4.0,4.0,False,False,False
primary_regional,Malaysia,rsv,1,M2,Negative Binomial,48,3.4460897288353096,4.532232974296028,2.013445684263327,-0.9647627044453674,1.7115384615384617,2.0,2.0,2.0,False,False,False
primary_regional,Malaysia,rsv,1,M2,XGBoost,48,3.951707163669101,4.844637773962265,2.308862612480823,-1.0579664170134764,1.7115384615384617,5.0,5.0,5.0,False,False,False
primary_regional,Malaysia,rsv,1,M3,Baseline: Persistence,48,3.2708333333333335,4.220485754033533,1.9110486891385767,0.0625,1.7115384615384617,1.0,1.0,1.0,True,True,True
primary_regional,Malaysia,rsv,1,M3,Baseline: Recent mean (4 weeks),48,3.4947916666666665,4.6056747153194975,2.0419007490636703,0.234375,1.7115384615384617,4.0,4.0,4.0,False,False,False
primary_regional,Malaysia,rsv,1,M3,Baseline: Seasonal naive (52 weeks),48,7.104166666666667,8.97566153550812,4.150749063670411,5.270833333333333,1.7115384615384617,6.0,6.0,6.0,False,False,False
primary_regional,Malaysia,rsv,1,M3,Ensemble,48,3.456909280235436,4.481795020909358,2.019767219912839,0.09740025950525534,1.7115384615384617,3.0,3.0,3.0,False,False,False
primary_regional,Malaysia,rsv,1,M3,Negative Binomial,48,3.424185162631835,4.400580654522573,2.0006475107511843,0.642806999698641,1.7115384615384617,2.0,2.0,2.0,False,False,False
primary_regional,Malaysia,rsv,1,M3,XGBoost,48,3.630613549568311,4.723430924738243,2.121257354803957,-0.4480064806881303,1.7115384615384617,5.0,5.0,5.0,False,False,False
primary_regional,Malaysia,rsv,2,M2,Baseline: Persistence,48,3.5,4.546060565661952,2.0449438202247188,-0.041666666666666664,1.7115384615384617,1.0,1.0,1.0,True,True,True
primary_regional,Malaysia,rsv,2,M2,Baseline: Recent mean (4 weeks),48,3.8177083333333335,4.975329762940342,2.230571161048689,0.109375,1.7115384615384617,3.0,3.0,3.0,False,False,False
primary_regional,Malaysia,rsv,2,M2,Baseline: Seasonal naive (52 weeks),48,6.979166666666667,8.792752697534487,4.0777153558052435,5.145833333333333,1.7115384615384617,6.0,6.0,6.0,False,False,False
primary_regional,Malaysia,rsv,2,M2,Ensemble,48,3.8877349834234045,5.089208454616501,2.271485608292326,-1.3497484160415782,1.7115384615384617,4.0,4.0,4.0,False,False,False
primary_regional,Malaysia,rsv,2,M2,Negative Binomial,48,3.656851318260273,4.753784120147764,2.1365872870734175,-1.0006345922961435,1.7115384615384617,2.0,2.0,2.0,False,False,False
primary_regional,Malaysia,rsv,2,M2,XGBoost,48,4.308291453342086,5.566964959634912,2.5172039952111063,-1.6988622397870135,1.7115384615384617,5.0,5.0,5.0,False,False,False
primary_regional,Malaysia,rsv,2,M3,Baseline: Persistence,48,3.5,4.546060565661952,2.0449438202247188,-0.041666666666666664,1.7115384615384617,3.0,1.0,3.0,False,True,False
primary_regional,Malaysia,rsv,2,M3,Baseline: Recent mean (4 weeks),48,3.8177083333333335,4.975329762940342,2.230571161048689,0.109375,1.7115384615384617,5.0,5.0,5.0,False,False,False
primary_regional,Malaysia,rsv,2,M3,Baseline: Seasonal naive (52 weeks),48,6.979166666666667,8.792752697534487,4.0777153558052435,5.145833333333333,1.7115384615384617,6.0,6.0,6.0,False,False,False
primary_regional,Malaysia,rsv,2,M3,Ensemble,48,3.454433142729222,4.58651486534867,2.0183204878867365,0.007300343999568175,1.7115384615384617,1.0,3.0,1.0,True,False,True
primary_regional,Malaysia,rsv,2,M3,Negative Binomial,48,3.5998908943852683,4.577242967670712,2.1033070394161117,0.6162911756959067,1.7115384615384617,4.0,2.0,4.0,False,False,False
primary_regional,Malaysia,rsv,2,M3,XGBoost,48,3.476289708807588,4.785522315003955,2.0310906163819613,-0.6016904876967704,1.7115384615384617,2.0,4.0,2.0,False,False,False
primary_regional,Malaysia,rsv,4,M2,Baseline: Persistence,48,4.375,5.560275772537426,2.556179775280899,-0.08333333333333333,1.7115384615384617,3.0,3.0,3.0,False,False,False
primary_regional,Malaysia,rsv,4,M2,Baseline: Recent mean (4 weeks),48,4.40625,5.601571580071674,2.5744382022471908,0.14583333333333334,1.7115384615384617,4.0,4.0,4.0,False,False,False
primary_regional,Malaysia,rsv,4,M2,Baseline: Seasonal naive (52 weeks),48,7.0625,8.926785535678562,4.126404494382022,5.229166666666667,1.7115384615384617,6.0,6.0,6.0,False,False,False
primary_regional,Malaysia,rsv,4,M2,Ensemble,48,4.1343024669781405,5.45762283059537,2.415547508796217,-1.5226075983913665,1.7115384615384617,2.0,2.0,2.0,False,False,False
primary_regional,Malaysia,rsv,4,M2,Negative Binomial,48,3.997952186049955,5.1850401917695965,2.3358821761190747,-0.7721800985068287,1.7115384615384617,1.0,1.0,1.0,True,True,True
primary_regional,Malaysia,rsv,4,M2,XGBoost,48,4.561729111354977,5.927001942924968,2.6652799302298744,-2.2730350982759036,1.7115384615384617,5.0,5.0,5.0,False,False,False
primary_regional,Malaysia,rsv,4,M3,Baseline: Persistence,48,4.375,5.560275772537426,2.556179775280899,-0.08333333333333333,1.7115384615384617,4.0,4.0,4.0,False,False,False
primary_regional,Malaysia,rsv,4,M3,Baseline: Recent mean (4 weeks),48,4.40625,5.601571580071674,2.5744382022471908,0.14583333333333334,1.7115384615384617,5.0,5.0,5.0,False,False,False
primary_regional,Malaysia,rsv,4,M3,Baseline: Seasonal naive (52 weeks),48,7.0625,8.926785535678562,4.126404494382022,5.229166666666667,1.7115384615384617,6.0,6.0,6.0,False,False,False
primary_regional,Malaysia,rsv,4,M3,Ensemble,48,3.7310986389254306,4.838145574807964,2.179967744091263,0.2931754757354663,1.7115384615384617,2.0,1.0,2.0,False,True,False
primary_regional,Malaysia,rsv,4,M3,Negative Binomial,48,3.8905355805392468,4.924289131960279,2.273121912225178,0.6142204855110368,1.7115384615384617,3.0,3.0,3.0,False,False,False
primary_regional,Malaysia,rsv,4,M3,XGBoost,48,3.6419150389048007,4.844504140298326,2.127860472169097,-0.027869534040104577,1.7115384615384617,1.0,2.0,1.0,True,False,True
primary_regional,Malaysia,sarscov2,1,M2,Baseline: Persistence,45,242.75555555555556,346.64397361622264,0.044416243555595175,9.644444444444444,5465.467948717948,1.0,1.0,1.0,True,True,True
primary_regional,Malaysia,sarscov2,1,M2,Baseline: Recent mean (4 weeks),45,894.8444444444444,1832.1955636157766,0.16372695857714267,296.3,5465.467948717948,4.0,4.0,4.0,False,False,False
primary_regional,Malaysia,sarscov2,1,M2,Baseline: Seasonal naive (52 weeks),45,3364.5333333333333,6370.402265337898,0.6155984016194921,2914.6222222222223,5465.467948717948,6.0,6.0,6.0,False,False,False
primary_regional,Malaysia,sarscov2,1,M2,Ensemble,45,797.761798138899,1183.8460663074122,0.1459640429006692,580.3555809097268,5465.467948717948,3.0,3.0,3.0,False,False,False
primary_regional,Malaysia,sarscov2,1,M2,Negative Binomial,45,1249.4445959359864,1863.2096168903126,0.22860706670671677,1249.4445959359864,5465.467948717948,5.0,5.0,5.0,False,False,False
primary_regional,Malaysia,sarscov2,1,M2,XGBoost,45,642.6169966077142,949.5639062136646,0.11757767178169161,-88.73343411653256,5465.467948717948,2.0,2.0,2.0,False,False,False
primary_regional,Malaysia,sarscov2,1,M3,Baseline: Persistence,45,242.75555555555556,346.64397361622264,0.044416243555595175,9.644444444444444,5465.467948717948,1.0,1.0,1.0,True,True,True
primary_regional,Malaysia,sarscov2,1,M3,Baseline: Recent mean (4 weeks),45,894.8444444444444,1832.1955636157766,0.16372695857714267,296.3,5465.467948717948,4.0,5.0,4.0,False,False,False
primary_regional,Malaysia,sarscov2,1,M3,Baseline: Seasonal naive (52 weeks),45,3364.5333333333333,6370.402265337898,0.6155984016194921,2914.6222222222223,5465.467948717948,6.0,6.0,6.0,False,False,False
primary_regional,Malaysia,sarscov2,1,M3,Ensemble,45,748.9394950891958,1159.219862325551,0.13703117502772602,406.0055123817374,5465.467948717948,3.0,3.0,3.0,False,False,False
primary_regional,Malaysia,sarscov2,1,M3,Negative Binomial,45,944.0630670398681,1520.4839612021542,0.17273233982852645,826.3069472219545,5465.467948717948,5.0,4.0,5.0,False,False,False
primary_regional,Malaysia,sarscov2,1,M3,XGBoost,45,688.8279477878694,1061.1466110907932,0.12603274856811666,-14.295922458479547,5465.467948717948,2.0,2.0,2.0,False,False,False
primary_regional,Malaysia,sarscov2,2,M2,Baseline: Persistence,45,603.7555555555556,1462.5400051508561,0.11046731244617039,-207.04444444444445,5465.467948717948,1.0,2.0,1.0,True,False,True
primary_regional,Malaysia,sarscov2,2,M2,Baseline: Recent mean (4 weeks),45,1303.3666666666666,2728.654928104077,0.23847302351711738,-10.855555555555556,5465.467948717948,4.0,4.0,4.0,False,False,False
primary_regional,Malaysia,sarscov2,2,M2,Baseline: Seasonal naive (52 weeks),45,3946.7555555555555,7546.727508588666,0.7221258257458738,2289.6444444444446,5465.467948717948,6.0,6.0,6.0,False,False,False
primary_regional,Malaysia,sarscov2,2,M2,Ensemble,45,1220.3495976533275,1638.336178092864,0.2232836436154728,1039.4172643312909,5465.467948717948,3.0,3.0,3.0,False,False,False
primary_regional,Malaysia,sarscov2,2,M2,Negative Binomial,45,2145.393887419626,2919.6935414578375,0.3925361757766556,2145.393887419626,5465.467948717948,5.0,5.0,5.0,False,False,False
primary_regional,Malaysia,sarscov2,2,M2,XGBoost,45,922.941708592833,1203.5091464754607,0.16886782929709254,-66.55935875704452,5465.467948717948,2.0,1.0,2.0,False,True,False
primary_regional,Malaysia,sarscov2,2,M3,Baseline: Persistence,45,603.7555555555556,1462.5400051508561,0.11046731244617039,-207.04444444444445,5465.467948717948,1.0,2.0,1.0,True,False,True
primary_regional,Malaysia,sarscov2,2,M3,Baseline: Recent mean (4 weeks),45,1303.3666666666666,2728.654928104077,0.23847302351711738,-10.855555555555556,5465.467948717948,4.0,5.0,4.0,False,False,False
primary_regional,Malaysia,sarscov2,2,M3,Baseline: Seasonal naive (52 weeks),45,3946.7555555555555,7546.727508588666,0.7221258257458738,2289.6444444444446,5465.467948717948,6.0,6.0,6.0,False,False,False
primary_regional,Malaysia,sarscov2,2,M3,Ensemble,45,1074.3612740917786,1489.5967388693566,0.19657260534183443,580.9892811144181,5465.467948717948,3.0,3.0,3.0,False,False,False
primary_regional,Malaysia,sarscov2,2,M3,Negative Binomial,45,1423.7293322244163,2058.0917635245182,0.2604954133082758,1217.8850649521878,5465.467948717948,5.0,4.0,5.0,False,False,False
primary_regional,Malaysia,sarscov2,2,M3,XGBoost,45,920.9298738153973,1325.4495367191705,0.16849973002429236,-55.9065027233514,5465.467948717948,2.0,1.0,2.0,False,True,False
primary_regional,Malaysia,sarscov2,4,M2,Baseline: Persistence,45,1579.0444444444445,3892.1251236025,0.2889129456545154,496.55555555555554,5465.467948717948,1.0,1.0,1.0,True,True,True
primary_regional,Malaysia,sarscov2,4,M2,Baseline: Recent mean (4 weeks),45,1999.1944444444443,4427.6864088056445,0.36578650962785386,59.68333333333333,5465.467948717948,2.0,3.0,2.0,False,False,False
primary_regional,Malaysia,sarscov2,4,M2,Baseline: Seasonal naive (52 weeks),45,4098.933333333333,7610.61072158835,0.7499693295786014,2018.7111111111112,5465.467948717948,5.0,5.0,5.0,False,False,False
primary_regional,Malaysia,sarscov2,4,M2,Ensemble,45,3190.4507631888505,5972.877156274268,0.5837470447406511,2514.2502920510087,5465.467948717948,4.0,4.0,4.0,False,False,False
primary_regional,Malaysia,sarscov2,4,M2,Negative Binomial,45,4662.736513087668,8208.25386170806,0.8531266776857451,4408.59122144718,5465.467948717948,6.0,6.0,6.0,False,False,False
primary_regional,Malaysia,sarscov2,4,M2,XGBoost,45,2316.3780893462517,4336.775308912732,0.4238206336732085,619.9093626548364,5465.467948717948,3.0,2.0,3.0,False,False,False
primary_regional,Malaysia,sarscov2,4,M3,Baseline: Persistence,45,1579.0444444444445,3892.1251236025,0.2889129456545154,496.55555555555554,5465.467948717948,1.0,1.0,1.0,True,True,True
primary_regional,Malaysia,sarscov2,4,M3,Baseline: Recent mean (4 weeks),45,1999.1944444444443,4427.6864088056445,0.36578650962785386,59.68333333333333,5465.467948717948,2.0,3.0,2.0,False,False,False
primary_regional,Malaysia,sarscov2,4,M3,Baseline: Seasonal naive (52 weeks),45,4098.933333333333,7610.61072158835,0.7499693295786014,2018.7111111111112,5465.467948717948,6.0,6.0,6.0,False,False,False
primary_regional,Malaysia,sarscov2,4,M3,Ensemble,45,2493.808277639267,4430.101706522841,0.45628449403390015,1208.4759802519131,5465.467948717948,4.0,4.0,4.0,False,False,False
primary_regional,Malaysia,sarscov2,4,M3,Negative Binomial,45,3112.0051233606478,5099.987897011377,0.5693940852933993,2227.582045075379,5465.467948717948,5.0,5.0,5.0,False,False,False
primary_regional,Malaysia,sarscov2,4,M3,XGBoost,45,2073.5918221288907,4072.231287002911,0.37939877089852836,189.36991542844763,5465.467948717948,3.0,2.0,3.0,False,False,False
