target_pathogen,forecast_method,comparisons,m3_mae_wins,m3_mae_not_worse,median_m3_vs_m2_mae_improvement_pct,mean_m3_vs_m2_mae_improvement_pct,median_raw_mae_change_m3_minus_m2,mean_raw_mae_change_m3_minus_m2,m3_mae_win_fraction,m3_mae_not_worse_fraction
influenza,Ensemble,9,2,2,-8.617156655187499,-37.540516484906526,0.8638695686287026,10.450404861968604,0.2222222222222222,0.2222222222222222
influenza,Negative Binomial,9,3,3,-28.741458743555977,-20.71898153775414,2.3404709680432774,8.471615988896106,0.3333333333333333,0.3333333333333333
influenza,XGBoost,9,5,5,3.487394483244747,-30.82607699906143,-0.1010511312393767,10.642395333851754,0.5555555555555556,0.5555555555555556
rsv,Ensemble,9,6,6,5.81643647571982,-21.934041876794055,-1.2422776160253146e-07,-0.11889663933499509,0.6666666666666666,0.6666666666666666
rsv,Negative Binomial,9,8,8,3.55519427876282,-22.85396566832884,-0.05696042387500455,-0.05324825957219591,0.8888888888888888,0.8888888888888888
rsv,XGBoost,9,3,6,2.4508036865415295,5.268358591420551,0.0,-0.19427887404856714,0.3333333333333333,0.6666666666666666
sarscov2,Ensemble,9,6,6,8.012761708134194,-34.298170497015434,-48.82230304970324,6052.207628770225,0.6666666666666666,0.6666666666666666
sarscov2,Negative Binomial,9,6,6,2.4750221710081353,-35.93005706120205,-21.54792064024616,12154.511940121265,0.6666666666666666,0.6666666666666666
sarscov2,XGBoost,9,5,5,0.2179806978821126,6.615226242374173,-2.0118347774358654,-118.28644493821493,0.5555555555555556,0.5555555555555556
