country,forecast_method,comparisons,m3_mae_wins,m3_mae_not_worse,median_m3_vs_m2_mae_improvement_pct,mean_m3_vs_m2_mae_improvement_pct,median_raw_mae_change_m3_minus_m2,mean_raw_mae_change_m3_minus_m2,m3_mae_win_fraction,m3_mae_not_worse_fraction
Brunei Darussalam,Ensemble,9,6,6,7.185910977277993,7.109259963714783,-0.2017908883236732,-41.83633709365909,0.6666666666666666,0.6666666666666666
Brunei Darussalam,Negative Binomial,9,9,9,6.646098340760353,15.220962355494969,-1.4828667327016327,-42.101909909030034,1.0,1.0
Brunei Darussalam,XGBoost,9,4,4,-1.486398550617066,-0.31543942240946865,0.05793499370588995,0.35607902910509165,0.4444444444444444,0.4444444444444444
Indonesia,Ensemble,9,2,2,-31.608056122917557,-73.04829290984425,0.8638695686287026,6193.411438764232,0.2222222222222222,0.2222222222222222
Indonesia,Negative Binomial,9,2,2,-34.83395692804575,-81.87689137924252,2.3404709680432774,12483.19166627569,0.2222222222222222,0.2222222222222222
Indonesia,XGBoost,9,4,7,6.97498363689639,10.719858345251259,0.0,-96.6687884773816,0.4444444444444444,0.7777777777777778
Malaysia,Ensemble,9,6,6,6.119909873298138,-27.83369591258654,-0.40320382805270993,-89.03596467771469,0.6666666666666666,0.6666666666666666
Malaysia,Negative Binomial,9,6,6,1.5576357614151828,-12.84707524353749,-0.05696042387500455,-278.1594485160731,0.6666666666666666,0.6666666666666666
Malaysia,XGBoost,9,5,5,0.2179806978821126,-27.529744503498264,-0.3210936141007896,-11.525619030135228,0.5555555555555556,0.5555555555555556
