Country,ISO_YEAR,weeks_present,nonmissing_case_weeks,missing_case_weeks,zero_case_weeks,positive_case_weeks,negative_revision_weeks,weeks_with_multiple_rows,expected_iso_weeks,case_reporting_percent,case_reporting_ge_80pct
Brunei Darussalam,2020,53,53,0,34,19,0,0,53,100.0,True
Brunei Darussalam,2021,52,52,0,0,52,0,0,52,100.0,True
Brunei Darussalam,2022,52,52,0,1,51,0,0,52,100.0,True
Brunei Darussalam,2023,52,52,0,2,50,0,0,52,100.0,True
Brunei Darussalam,2024,52,52,0,0,52,0,0,52,100.0,True
Brunei Darussalam,2025,52,2,50,0,2,0,0,52,3.85,False
Indonesia,2020,53,53,0,9,44,0,0,53,100.0,True
Indonesia,2021,52,52,0,0,52,0,0,52,100.0,True
Indonesia,2022,52,52,0,0,52,0,0,52,100.0,True
Indonesia,2023,52,52,0,11,41,0,0,52,100.0,True
Indonesia,2024,52,43,9,0,43,0,0,52,82.69,True
Indonesia,2025,52,18,34,0,18,0,0,52,34.62,False
Malaysia,2020,53,53,0,4,49,0,0,53,100.0,True
Malaysia,2021,52,52,0,0,52,0,0,52,100.0,True
Malaysia,2022,52,52,0,0,52,0,0,52,100.0,True
Malaysia,2023,52,52,0,1,51,0,0,52,100.0,True
Malaysia,2024,52,51,1,0,51,0,0,52,98.08,True
Malaysia,2025,52,0,52,0,0,0,0,52,0.0,False
Philippines,2020,53,53,0,7,46,0,0,53,100.0,True
Philippines,2021,52,52,0,0,52,0,0,52,100.0,True
Philippines,2022,52,52,0,0,52,0,0,52,100.0,True
Philippines,2023,52,52,0,0,51,1,0,52,100.0,True
Philippines,2024,52,3,49,0,3,0,0,52,5.77,False
Philippines,2025,52,0,52,0,0,0,0,52,0.0,False
Singapore,2020,53,53,0,3,50,0,0,53,100.0,True
Singapore,2021,52,52,0,0,52,0,0,52,100.0,True
Singapore,2022,52,52,0,0,52,0,0,52,100.0,True
Singapore,2023,52,52,0,0,52,0,0,52,100.0,True
Singapore,2024,52,9,43,0,9,0,0,52,17.31,False
Singapore,2025,52,0,52,0,0,0,0,52,0.0,False
Thailand,2020,53,53,0,2,51,0,0,53,100.0,True
Thailand,2021,52,52,0,0,52,0,0,52,100.0,True
Thailand,2022,52,52,0,0,52,0,0,52,100.0,True
Thailand,2023,52,52,0,0,52,0,0,52,100.0,True
Thailand,2024,52,51,1,0,51,0,0,52,98.08,True
Thailand,2025,52,52,0,0,52,0,0,52,100.0,True
Viet Nam,2020,53,53,0,7,46,0,0,53,100.0,True
Viet Nam,2021,52,52,0,0,52,0,0,52,100.0,True
Viet Nam,2022,52,52,0,0,52,0,0,52,100.0,True
Viet Nam,2023,52,48,4,6,42,0,0,52,92.31,True
Viet Nam,2024,52,0,52,0,0,0,0,52,0.0,False
Viet Nam,2025,52,0,52,0,0,0,0,52,0.0,False
