country,forecast_method,target_pathogen,forecast_horizon_weeks,n,mae_m2,mae_m3,m3_vs_m2_mae_improvement_pct,m3_better_mae,rmse_m2,rmse_m3,m3_vs_m2_rmse_improvement_pct,m3_better_rmse
Singapore,Negative Binomial,influenza,1,52,801.2435628265935,48.78116319145498,93.91181839647274,True,1669.5398967628357,53.8213700456138,96.77627529896283,True
Singapore,Negative Binomial,influenza,2,52,694.1673093090728,41.269749394929086,94.05478350226457,True,1457.267407454394,47.09871014785574,96.7680118345521,True
Singapore,Negative Binomial,influenza,4,52,838.1660377663575,48.86790693688555,94.16966272373497,True,1845.7690216806582,53.900773641517645,97.07976604827627,True
Singapore,Negative Binomial,sarscov2,1,52,6958.865631071115,7060.973414232231,-1.4673049973146262,False,10771.16578693646,9968.543476508441,7.451582552015496,True
Singapore,Negative Binomial,sarscov2,2,52,7720.1557222469555,8107.853354129628,-5.021888752392072,False,12018.737711647285,10896.057334410474,9.341083932207194,True
Singapore,Negative Binomial,sarscov2,4,52,9481.705705615286,9722.438195950892,-2.538915442113314,False,12024.281275116246,12207.152024686371,-1.5208455739352091,False
Singapore,XGBoost,influenza,1,52,34.588870348989005,32.796540688236014,5.181810341503039,True,43.56719925008813,41.950959408535766,3.709763008346456,True
Singapore,XGBoost,influenza,2,52,38.63208842945889,37.86878736212895,1.9758213919076815,True,45.763668602633054,45.077586213015714,1.4991857308788081,True
Singapore,XGBoost,influenza,4,52,40.40749821083508,41.21758670479658,-2.004797450549116,False,46.35378300096903,47.16210106294236,-1.7438017129183032,False
Singapore,XGBoost,sarscov2,1,52,7136.509572683287,6755.268418723612,5.342123485954081,True,11334.336626262495,10251.490381989946,9.553679937152333,True
Singapore,XGBoost,sarscov2,2,52,9826.228095863016,9551.53349011633,2.7955244175772496,True,14213.38715435056,14310.70855424119,-0.6847164495961918,False
Singapore,XGBoost,sarscov2,4,52,10424.771498035438,13291.966348427588,-27.503670952715623,False,14557.490961145266,17326.151969636085,-19.01880630309526,False
