analysis_group,country,target_pathogen,forecast_horizon_weeks,split,mae_m2,mae_m3,mase_m2,mase_m3,n_m2,n_m3,rmse_m2,rmse_m3,m3_vs_m2_mae_improvement_pct,m3_vs_m2_rmse_improvement_pct,m3_vs_m2_mase_improvement_pct
exploratory_regional,Thailand,influenza,1,test,16.5799662712426,15.227894143564345,1.6516441496256997,1.516954972155835,47,47,24.188851675389635,22.15595744555082,8.154854512722256,8.40426100883134,8.154854512722263
exploratory_regional,Thailand,influenza,1,train,12.942380147317802,10.596193647143686,1.2892792483918118,1.055559520405118,47,47,15.820065995703922,13.24395603907073,18.12793685140166,16.283812958383095,18.127936851401678
exploratory_regional,Thailand,influenza,1,validation,11.671164661154215,13.099031059153358,1.162644755517278,1.3048843200689169,53,53,13.890550482546894,15.898339400993944,-12.234138061230425,-14.45435097024976,-12.234138061230428
exploratory_regional,Thailand,influenza,2,test,17.763373995310225,20.43932198194342,1.7695315091113635,2.036101040346854,47,47,25.133448233682852,28.526073863662106,-15.064412804344943,-13.498448754168919,-15.06441280434493
exploratory_regional,Thailand,influenza,2,train,13.563667637734588,16.935463039710122,1.3511699562494226,1.687057620814035,46,46,16.483149562741325,20.5160833776385,-24.859024063632198,-24.46700977593055,-24.85902406363219
exploratory_regional,Thailand,influenza,2,validation,12.319208850557443,13.359319474755806,1.2272008816647262,1.3308134342668618,53,53,14.595922887045445,15.73383962490917,-8.442998546544633,-7.796127361522841,-8.442998546544624
exploratory_regional,Thailand,influenza,4,test,19.427750153563192,20.881798535843366,1.935331432922004,2.080179164490144,47,47,26.609731113617126,28.825282338824675,-7.484388932258793,-8.326093998273336,-7.484388932258795
exploratory_regional,Thailand,influenza,4,train,14.892524105256365,17.889538972017032,1.483546462592588,1.782099667710509,44,44,17.96076627142019,21.345956134553735,-20.12429085612734,-18.847691751994894,-20.12429085612735
exploratory_regional,Thailand,influenza,4,validation,13.45510821057335,13.619987972997373,1.340355607183552,1.3567804111031867,53,53,16.079494102863144,16.124115058589837,-1.2254064392767718,-0.27750223633433385,-1.2254064392767803
exploratory_regional,Thailand,rsv,1,test,8.971634561424969,6.580050244621629,1.837563705352102,1.3477211344405744,47,47,16.102173477934798,11.355154386462802,26.657174904184725,29.480610788207894,26.65717490418473
exploratory_regional,Thailand,rsv,1,train,6.213917895207,4.386746763537285,1.272730171307458,0.898490300965468,43,43,9.067656833858708,6.557431565706802,29.404494273718555,27.6832848236901,29.404494273718566
exploratory_regional,Thailand,rsv,1,validation,4.56992241898786,4.273721315165238,0.9360082062987182,0.8753405103350487,53,53,6.049266917915363,6.197753450374495,6.481534622818034,-2.4546202783576616,6.481534622818037
exploratory_regional,Thailand,rsv,2,test,9.622500570683282,9.041646365721887,1.9708736108628409,1.8519034724972536,47,47,17.102263318424097,15.491568256883827,6.0364164251761645,9.418022816927886,6.0364164251761725
exploratory_regional,Thailand,rsv,2,train,6.564331446704725,6.25572008991734,1.3445016216142207,1.2812920666095757,42,42,9.732266062652984,10.214741823721983,4.701337208411474,-4.957486344526401,4.701337208411473
exploratory_regional,Thailand,rsv,2,validation,4.948426953143896,5.509362928653855,1.013533231366822,1.1284237323748858,53,53,6.433532866871183,7.01444037969569,-11.335642231792026,-9.029370407289436,-11.335642231792027
exploratory_regional,Thailand,rsv,4,test,10.648599907778728,9.509442939690578,2.181038535328173,1.947717228611323,47,47,18.372894936700213,16.158305048593736,10.697715924663521,12.053570739594178,10.697715924663525
exploratory_regional,Thailand,rsv,4,train,7.834497562039393,6.778756221384759,1.6046561271646946,1.388419948958324,40,40,10.962606252767133,11.016529195824916,13.475546227367953,-0.49188068799033996,13.47554622736795
exploratory_regional,Thailand,rsv,4,validation,6.259703558567348,7.0895156556920815,1.2821079577788543,1.4520694716477756,53,53,7.975419712252061,8.86572342734949,-13.25641205467327,-11.163095451010802,-13.256412054673262
exploratory_regional,Thailand,sarscov2,1,test,9311.786727977731,11241.280004491127,47.47650846699108,57.3141053273398,46,46,22175.788098284298,26902.57799401848,-20.720977969954326,-21.315093176327228,-20.720977969954333
exploratory_regional,Thailand,sarscov2,1,train,140.12885255474217,250.03748272808596,0.7144524299290708,1.2748258752682096,47,47,228.51294013336403,400.64721701289864,-78.4339757084697,-75.32802158996954,-78.43397570846969
exploratory_regional,Thailand,sarscov2,1,validation,253.14878379436948,329.1517740343189,1.2906889653208367,1.6781931806828692,52,52,445.8342988450999,557.6215130805763,-30.02305170136073,-25.07371337850244,-30.023051701360718
exploratory_regional,Thailand,sarscov2,2,test,11308.379841305454,11919.466942998848,57.6562164670932,60.77186793175214,46,46,26485.117291307535,28085.043089048213,-5.4038430815819645,-6.040848451389628,-5.403843081581966
exploratory_regional,Thailand,sarscov2,2,train,180.62706005189605,293.9776209622416,0.9209341232178248,1.4988563869042615,46,46,298.54234982838426,456.322465053434,-62.75392008139796,-52.850161900229196,-62.75392008139796
exploratory_regional,Thailand,sarscov2,2,validation,318.38573538983377,351.47359857803053,1.6233021119983682,1.7920018752875368,52,52,525.0365925783614,593.814646753635,-10.392382418667012,-13.099668698807603,-10.392382418667012
exploratory_regional,Thailand,sarscov2,4,test,12602.665955375976,12507.78939989843,64.2551847906217,63.77145296545919,46,46,28971.17696141623,28965.39040880322,0.75282924909293,0.019973481300792923,0.7528292490929236
exploratory_regional,Thailand,sarscov2,4,train,173.90240521431318,313.33464914953606,0.8866482077796142,1.5975489514438548,44,44,266.3923346520398,479.3078346426115,-80.17844477963942,-79.92553549586208,-80.17844477963943
exploratory_regional,Thailand,sarscov2,4,validation,364.2079336799473,387.6436679470909,1.8569283803664338,1.9764163872192102,52,52,566.6847968999779,676.6644306790698,-6.434712728618933,-19.407549731478646,-6.434712728618937
primary_regional,Brunei Darussalam,influenza,1,test,4.0581305508945125,2.7563168701008047,9.288609927602996,6.308903058230731,31,31,5.900201853323687,3.6426009879658716,32.07914739230742,38.26311237277534,32.079147392307426
primary_regional,Brunei Darussalam,influenza,1,train,1.0121825578190295,1.2290463916130991,2.3167734101191124,2.813150629692205,95,95,3.107643287969365,3.195200040153857,-21.42536759982809,-2.8174646853276455,-21.425367599828082
primary_regional,Brunei Darussalam,influenza,1,validation,3.204907500317278,3.652433415161187,7.3356771673928804,8.36001426136894,52,52,3.860824847177055,4.832620292112051,-13.963770086955874,-25.17066905134405,-13.963770086955885
primary_regional,Brunei Darussalam,influenza,2,test,4.6339574951767135,2.774143875118713,10.606613822293367,6.349707091938388,32,32,6.795573618729424,3.477706284935315,40.13445574314827,48.82394805715392,40.13445574314828
primary_regional,Brunei Darussalam,influenza,2,train,1.077221679461183,1.3558448446678184,2.4656407329889305,3.1033782000174512,94,94,3.1114580939105485,3.3173258859260057,-25.86497937416189,-6.616441096165242,-25.864979374161884
primary_regional,Brunei Darussalam,influenza,2,validation,3.5082802920722975,3.81989478637873,8.030063779632147,8.743314733266871,52,52,4.209218216904208,4.994520347761675,-8.882257640890076,-18.65672175663632,-8.882257640890085
primary_regional,Brunei Darussalam,influenza,4,test,5.550900497378107,3.228061238393714,12.705394471776557,7.3886735012122795,32,32,8.129962918990847,4.002932264739747,41.84617000577753,50.763216208658655,41.84617000577753
primary_regional,Brunei Darussalam,influenza,4,train,1.1645451091705203,1.6058869047840039,2.6655143609903025,3.675696693172276,92,92,3.0914402595200596,3.5063632953250172,-37.8982138294189,-13.421674073345141,-37.89821382941889
primary_regional,Brunei Darussalam,influenza,4,validation,3.9213143013117415,4.175785581906917,8.975452734113542,9.557909220809165,52,52,4.770919008181364,5.393312738592537,-6.489438515807074,-13.045573176653537,-6.489438515807071
primary_regional,Brunei Darussalam,rsv,1,test,1.665216470595886,1.5450149062109353,3.988774336543634,3.7008496590634032,31,31,2.1409010844516123,2.0164531403422488,7.218374698271961,5.812876877552736,7.218374698271958
primary_regional,Brunei Darussalam,rsv,1,train,0.3369269812702057,0.2932695192767342,0.8070576528100276,0.7024828019884565,95,95,0.6381120884541355,0.6202139721007913,12.957544043781835,2.804854613662531,12.957544043781825
primary_regional,Brunei Darussalam,rsv,1,validation,1.8276386257583042,1.949176158316812,4.377832057048962,4.66895684434027,52,52,3.2589869947786845,3.477790168304205,-6.6499761411028775,-6.7138400329940335,-6.649976141102861
primary_regional,Brunei Darussalam,rsv,2,test,1.8225634711041048,1.7357099665289712,4.365675291249367,4.157630850057768,32,32,2.422642887932445,2.3326585560849393,4.765458429961721,3.7143044191833425,4.765458429961722
primary_regional,Brunei Darussalam,rsv,2,train,0.34526920222906304,0.29519386291570954,0.8270401820835697,0.7070922762864671,94,94,0.6448463527050845,0.6101971675120099,14.503274253847833,5.373246673059981,14.50327425384783
primary_regional,Brunei Darussalam,rsv,2,validation,2.01936630668003,2.186431597656401,4.837086734605654,5.237266385083938,52,52,3.3574815887326683,3.8071166402490655,-8.2731543268659,-13.39203327355009,-8.273154326865901
primary_regional,Brunei Darussalam,rsv,4,test,1.7528042806479334,1.6636062868408394,4.198577695505515,3.98491738475829,32,32,2.3304754028179313,2.2446056919929473,5.088873572018058,3.684643516132083,5.088873572018054
primary_regional,Brunei Darussalam,rsv,4,train,0.368342802651474,0.29937120776927945,0.8823095040256238,0.717098474424088,92,92,0.6853626804170763,0.6210716822224656,18.72483848895929,9.380580535182705,18.724838488959286
primary_regional,Brunei Darussalam,rsv,4,validation,2.5570540992461868,2.473908477155057,6.125036563310633,5.925873794115602,52,52,3.9319968435268615,4.213033523957277,3.2516176374852948,-7.14742894295753,3.2516176374852916
primary_regional,Brunei Darussalam,sarscov2,1,test,870.6152572148145,849.0673365745683,0.8942086073945318,0.872076746106454,36,36,1736.0734479513517,1736.0250551181912,2.4750221710081353,0.0027874876617467715,2.4750221710081357
primary_regional,Brunei Darussalam,sarscov2,1,train,3360.0852800799844,2633.2533046764534,3.4511423434494586,2.7046134914113846,99,99,7792.949411881146,7377.6111541538785,21.63135500496075,5.329667058970538,21.631355004960746
primary_regional,Brunei Darussalam,sarscov2,1,validation,1151.973798531995,844.6029693821326,1.183191860702847,0.8674913962208837,52,52,1914.8640691297346,1553.280296243502,26.682102452465237,18.88299951497678,26.682102452465237
primary_regional,Brunei Darussalam,sarscov2,2,test,1357.099772725499,1338.0878352134796,1.393876672626332,1.3743495186675543,36,36,1452.141090445877,2691.5170785974615,1.400924080462941,-85.34817975373431,1.400924080462935
primary_regional,Brunei Darussalam,sarscov2,2,train,2402.5384471503603,5089.521870929933,2.467646346919071,5.227446023709342,98,98,4822.260596351341,24103.079360035055,-111.83935170596715,-399.8294654227548,-111.83935170596718
primary_regional,Brunei Darussalam,sarscov2,2,validation,1673.6352860836878,939.1843843468644,1.7189901808554904,0.9646359324096734,52,52,1815.4028522490355,1652.2301679696036,43.88356936805754,8.988235535560788,43.88356936805755
primary_regional,Brunei Darussalam,sarscov2,4,test,1745.0965509343557,1411.3949591572225,1.7923880194474697,1.4496432384485969,37,37,1836.4283437029783,2053.514641259287,19.122242353780567,-11.821114518335932,19.122242353780575
primary_regional,Brunei Darussalam,sarscov2,4,train,2692.0620005187525,3153.262285201617,2.765015881073223,3.238714522210715,96,96,4978.521351309086,5499.7716769752005,-17.13185968948682,-10.469982729491635,-17.131859689486816
primary_regional,Brunei Darussalam,sarscov2,4,validation,2037.9848604267254,998.6304034015914,2.0932134933671036,1.0256929165063353,52,52,2164.3640763285407,1717.4664375406996,50.999125518896534,20.64798818625393,50.99912551889654
primary_regional,Indonesia,influenza,1,test,7.976512243891507,10.75504708328897,2.1565613692323655,2.907777027717642,24,24,11.464504481768742,15.624329618736947,-34.83395692804575,-36.28438667875533,-34.833956928045765
primary_regional,Indonesia,influenza,1,train,5.176662992758135,3.776489371431353,1.399583062166844,1.0210265891564836,152,152,21.979719778701366,10.111497636759715,27.04780325251126,53.99623954006053,27.047803252511258
primary_regional,Indonesia,influenza,1,validation,3.409852969730151,4.266848622189233,0.9219013228386543,1.153602053832791,52,52,4.839298433328211,5.8493305504794755,-25.1329209812499,-20.871457527710653,-25.132920981249903
primary_regional,Indonesia,influenza,2,test,8.143187821209759,10.483658789253036,2.2016244369301945,2.834403416158533,24,24,12.73630486424137,15.612185316216173,-28.741458743555974,-22.58017912282522,-28.741458743555977
primary_regional,Indonesia,influenza,2,train,5.7461354276587455,3.5302831439788265,1.5535478799216018,0.9544613006251246,151,151,26.211011294592936,8.77651770635795,38.562479279795966,66.51591345440207,38.562479279795966
primary_regional,Indonesia,influenza,2,validation,3.912364812551025,4.374278555068852,1.0577624103257537,1.1826472349926185,52,52,5.4611199174221206,6.061355559834405,-11.806509992012728,-10.991072371390471,-11.806509992012728
primary_regional,Indonesia,influenza,4,test,10.774335752918846,11.733941859669185,2.912991988657435,3.1724348875362094,24,24,14.718262039050261,16.674052144409448,-8.906406192979228,-13.288186473172683,-8.906406192979224
primary_regional,Indonesia,influenza,4,train,3.610333822651892,3.3932454844844457,0.976104118429281,0.9174112575035936,149,149,12.867665950508284,8.483222514796333,6.01297134368558,34.07333896120268,6.0129713436855745
primary_regional,Indonesia,influenza,4,validation,4.651180010261466,4.597486384861603,1.2575114065871555,1.2429945858551301,52,52,6.562614402907631,6.43549897045923,1.1544086722381026,1.9369632991400618,1.154408672238099
primary_regional,Indonesia,rsv,1,test,1.995543936328729e-09,9.592570871191992e-09,,,24,24,1.995543936328785e-09,9.592570871195406e-09,-380.6995574770344,-380.6995574771919,
primary_regional,Indonesia,rsv,1,train,8.579889748973057e-08,6.141883123718677e-09,,,148,148,8.579889748973479e-08,6.1418831237216594e-09,92.84153607631869,92.84153607631556,
primary_regional,Indonesia,rsv,1,validation,8.579889806998403e-08,6.141871978414899e-09,,,52,52,8.579889806998811e-08,6.141871978421046e-09,92.84154911476237,92.84154911475555,
primary_regional,Indonesia,rsv,2,test,5.642171108959968e-08,2.518590567854956e-08,,,24,24,5.6421711089615025e-08,2.5185905678552222e-08,55.36132245519203,55.361322455199456,
primary_regional,Indonesia,rsv,2,train,4.3889887717307757e-07,3.1322304355614708e-09,,,147,147,4.388988771731229e-07,3.13223043556201e-09,99.28634348400799,99.28634348400793,
primary_regional,Indonesia,rsv,2,validation,4.3889888744226055e-07,3.132233184672889e-09,,,52,52,4.3889888744230555e-07,3.132233184674409e-09,99.28634287434029,99.28634287434001,
primary_regional,Indonesia,rsv,4,test,2.518965701778396e-07,3.441046972776676e-09,,,24,24,2.51896570177865e-07,3.4410469727766887e-09,98.63394449144452,98.63394449144465,
primary_regional,Indonesia,rsv,4,train,2.248601549652608e-08,7.746643463968805e-10,,,145,145,2.248601549653247e-08,7.74664346396882e-10,96.55490610812502,96.55490610812599,
primary_regional,Indonesia,rsv,4,validation,2.2486016642196967e-08,7.746643673430398e-10,,,52,52,2.2486016642203353e-08,7.74664367343042e-10,96.55490619050191,96.55490619050288,
primary_regional,Indonesia,sarscov2,1,test,5206.982128613694,19495.19546133073,0.45345213348837676,1.6977469398511142,17,17,9610.616062347883,54826.91964999936,-274.40488520595574,-470.48288366027066,-274.40488520595574
primary_regional,Indonesia,sarscov2,1,train,13223.891411097284,12019.818297153644,1.151607903631727,1.0467507120939676,148,148,29866.867629371125,28026.421723476295,9.105285853551399,6.162165811070635,9.105285853551393
primary_regional,Indonesia,sarscov2,1,validation,2546.503496264985,2905.957435381034,0.22176328145462637,0.25306647235425966,52,52,5169.5129184531215,6182.395402792606,-14.115587889169133,-19.593383367394114,-14.11558788916913
primary_regional,Indonesia,sarscov2,2,test,35361.1032609587,67244.49495204404,3.079435903586164,5.85601389599372,18,18,97408.63092839047,190387.535172842,-90.16514970076454,-95.45242896679719,-90.16514970076454
primary_regional,Indonesia,sarscov2,2,train,17620.173979570005,16921.7200379716,1.5344599397731429,1.4736347972744333,147,147,39265.58802004571,36772.596211995195,3.9639446375968665,6.349049979279067,3.963944637596868
primary_regional,Indonesia,sarscov2,2,validation,4244.201848096672,4904.968040474156,0.36960802542395843,0.427151115119627,52,52,7550.048292170852,9762.490113190517,-15.5686797194579,-29.303677743543627,-15.568679719457888
primary_regional,Indonesia,sarscov2,4,test,65889.21494697659,112020.97684827683,5.7379887915104835,9.755391835928414,18,18,204190.67605095552,356208.79657448595,-70.01413196139023,-74.44909996066349,-70.01413196139023
primary_regional,Indonesia,sarscov2,4,train,27656.578770599444,26839.037644304706,2.4084842887403113,2.3372883908524233,145,145,56032.30771793371,54466.60841852448,2.9560457679018204,2.7942795204704924,2.9560457679018084
primary_regional,Indonesia,sarscov2,4,validation,9728.744837653312,10723.213591318463,0.8472316581529056,0.9338353696500005,52,52,15078.837446943877,18001.284396827006,-10.221963575570848,-19.381115819876687,-10.221963575570843
primary_regional,Malaysia,influenza,1,test,28.712596628910564,56.660724559103414,3.5296809094641826,6.965384579369687,49,49,35.60998585838479,66.91329956810277,-97.33751458080258,-87.9059987111656,-97.33751458080259
primary_regional,Malaysia,influenza,1,train,57.4601053950978,20.36251492739557,7.063653618309894,2.503193324407966,152,152,375.4256480182425,42.97184584634596,64.56234323382778,88.55383320953663,64.56234323382778
primary_regional,Malaysia,influenza,1,validation,62.85018209698955,61.74587649527605,7.726263520197296,7.590509640081216,52,52,86.53813659640599,74.59437396154956,1.7570443948902952,13.80173309087922,1.75704439489029
primary_regional,Malaysia,influenza,2,test,38.0371320490614,62.224381581961744,4.67595949539289,7.649332960430285,49,49,45.91115844135802,74.58243073736172,-63.588520558550336,-62.44946385446863,-63.58852055855034
primary_regional,Malaysia,influenza,2,train,169.47780656130016,25.07499718936941,20.83415116120002,3.0825055646506128,151,151,1556.7006965802043,52.72432372119918,85.20455409581916,96.61307251695685,85.20455409581916
primary_regional,Malaysia,influenza,2,validation,72.77993812570784,65.65803234408348,8.946942748313965,8.0714366002183,52,52,93.04747765294937,77.96893364133271,9.785534262646912,16.205215221262588,9.7855342626469
primary_regional,Malaysia,influenza,4,test,43.981891645457196,66.37523295164316,5.4067573653989935,8.159603105166534,49,49,55.22931981383655,84.22201013125647,-50.91491172480964,-52.495106612115855,-50.91491172480963
primary_regional,Malaysia,influenza,4,train,28.390144909653852,35.81822746575792,3.4900414546146576,4.403186355128633,149,149,55.637880184770495,78.1176936810549,-26.16429954740459,-40.403792203495385,-26.16429954740459
primary_regional,Malaysia,influenza,4,validation,72.67574210047698,74.60013029677722,8.934133780673292,9.17070159676694,52,52,95.32767557799735,90.307974003449,-2.6479099362201244,5.265733737985897,-2.6479099362201253
primary_regional,Malaysia,rsv,1,test,3.4460897288353096,3.424185162631835,2.013445684263327,2.0006475107511843,48,48,4.532232974296028,4.400580654522573,0.6356353991652347,2.904800360442737,0.6356353991652411
primary_regional,Malaysia,rsv,1,train,2.389839097484051,2.3449009138065438,1.3963104839232656,1.3700544664937109,152,152,3.6855553536773766,3.5803207951453713,1.8803853248872138,2.855324325193063,1.8803853248872153
primary_regional,Malaysia,rsv,1,validation,4.262139239551531,3.6061356156358064,2.490238656816625,2.1069556405962016,52,52,5.779543870642517,4.889560778125043,15.391417010223021,15.398846560161738,15.39141701022302
primary_regional,Malaysia,rsv,2,test,3.656851318260273,3.599890894385268,2.1365872870734175,2.1033070394161113,48,48,4.753784120147764,4.577242967670712,1.557635761415195,3.7136972991437625,1.5576357614151908
primary_regional,Malaysia,rsv,2,train,2.6117754698463918,2.5478787324332357,1.5259811733933972,1.4886482481632388,151,151,3.9576906221231054,3.853784040333888,2.446486619958723,2.6254346716337515,2.4464866199587116
primary_regional,Malaysia,rsv,2,validation,4.465125510567865,3.761125142225855,2.6088373769609996,2.197511319053308,52,52,6.008980112575608,5.296851005213255,15.766642318918302,11.851081115612402,15.766642318918311
primary_regional,Malaysia,rsv,4,test,3.997952186049955,3.8905355805392468,2.3358821761190747,2.273121912225178,48,48,5.1850401917695965,4.924289131960279,2.6867906496109915,5.028911062699517,2.6867906496109843
primary_regional,Malaysia,rsv,4,train,3.1292786147101666,2.9056150485595538,1.8283425614036928,1.6976627250010874,149,149,4.519650575888693,4.336235717156277,7.1474481402586285,4.058164578272762,7.147448140258638
primary_regional,Malaysia,rsv,4,validation,4.772929284941438,3.8214616679097464,2.7886777844601656,2.2327641205764808,52,52,6.247266056616202,5.2873995879321924,19.934668213785734,15.364584443581649,19.93466821378573
primary_regional,Malaysia,sarscov2,1,test,1328.8378774199734,1003.6570798603017,0.24313341325726429,0.18363607458273223,46,46,1979.4861220084958,1599.0234697480194,24.47106626664133,19.220273788756753,24.471066266641326
primary_regional,Malaysia,sarscov2,1,train,11722.247046165996,12419.400414164009,2.1447837872538837,2.2723398125639482,148,148,22976.424331526865,23788.292381290357,-5.947267322147348,-3.5334830087094793,-5.947267322147346
primary_regional,Malaysia,sarscov2,1,validation,2930.3048800086367,3193.022262819288,0.536148945982934,0.584217544184535,52,52,4113.859717486048,4506.3146604191625,-8.965530672353683,-9.539823180284358,-8.965530672353681
primary_regional,Malaysia,sarscov2,2,test,2797.9991805483173,1814.827997559423,0.5119413757068418,0.33205354318931335,46,46,5552.535578407218,3512.469020049694,35.138365651566225,36.74117039953719,35.13836565156622
primary_regional,Malaysia,sarscov2,2,train,16106.881389374465,16953.05867502158,2.9470269591742286,3.10184943614907,147,147,30102.235986054624,30916.226632963884,-5.253514104880229,-2.704086989705201,-5.253514104880235
primary_regional,Malaysia,sarscov2,2,validation,4603.727595070299,5021.828876975696,0.8423299959430206,0.9188287122155171,52,52,6030.615342182981,6518.224612523403,-9.081798896031623,-8.085564120292831,-9.081798896031627
primary_regional,Malaysia,sarscov2,4,test,5541.592684049149,3632.973576977348,1.013928310630576,0.664714094212106,46,46,10493.282914883202,6432.9049166959085,34.44170685019032,38.695020720619624,34.441706850190315
primary_regional,Malaysia,sarscov2,4,train,21607.896405086372,21533.377856069856,3.953530897597708,3.9398964659779967,145,145,37794.439783303635,37522.863973009706,0.3448672078924607,0.7185602216913991,0.34486720789246766
primary_regional,Malaysia,sarscov2,4,validation,7678.641420533879,8093.542659914307,1.4049375995947577,1.480850813847117,52,52,9470.059261544602,9828.763346228385,-5.4033157254995325,-3.7877702216752196,-5.40331572549954
secondary_regional,Philippines,influenza,1,test,6.549246379286493,9.660664664796775,5.906016824177998,8.71184938521852,48,48,8.429247061523737,12.590298219173931,-47.50803535733304,-49.3644465191178,-47.508035357333036
secondary_regional,Philippines,influenza,1,train,1.1232621613184939,1.5656768521848723,1.0129417704747132,1.4119050184881436,91,91,1.8163154648102715,2.0797642666521194,-39.38659256064218,-14.504572963561,-39.386592560642164
secondary_regional,Philippines,influenza,1,validation,3.2763263099022004,3.4594133078152343,2.954544261608234,3.1196495007976663,52,52,5.602580852333606,5.401004482523451,-5.5881795827137575,3.5979198716283385,-5.588179582713758
secondary_regional,Philippines,influenza,2,test,6.379218935487796,9.420673755833873,5.752688504323816,8.49542901195733,48,48,8.577159867324612,12.246184716379963,-47.67754251898093,-42.77668722292095,-47.67754251898093
secondary_regional,Philippines,influenza,2,train,1.1827518045463767,1.564903699189257,1.0665886808855718,1.4112078001617407,90,90,1.81135929540769,2.0842108338646432,-32.31040469977959,-15.063358172434883,-32.310404699779596
secondary_regional,Philippines,influenza,2,validation,3.320532249110554,3.125733128851245,2.99440854607291,2.81874148226764,52,52,4.9409444371245455,4.9131909054423435,5.866502887044337,0.5617049945688831,5.866502887044341
secondary_regional,Philippines,influenza,4,test,7.698804526223668,7.340882139318611,6.9426719388267,6.619902643492676,48,48,9.865373874681952,10.084046022192899,4.649064483789678,-2.2165621930673858,4.649064483789672
secondary_regional,Philippines,influenza,4,train,1.35568808008391,1.2823884634429163,1.2225401436470973,1.1564395964976297,88,88,2.042418861737308,1.9043371036159438,5.406820176250037,6.760697362729499,5.406820176250046
secondary_regional,Philippines,influenza,4,validation,3.194169868144849,4.190236929179339,2.880456756094908,3.7786958022063684,52,52,5.071469053878428,6.57878955593059,-31.18391012851796,-29.721575465385744,-31.18391012851797
secondary_regional,Philippines,rsv,1,test,10.633256256844838,10.632570988076594,536.9794409706644,536.9448348978681,48,48,20.339009384584532,20.338406850952957,0.006444580584642719,0.0029624531862983343,0.0064445805846486725
secondary_regional,Philippines,rsv,1,train,0.021736481778891096,0.02173708483574761,1.0976923298340004,1.0977227842052546,91,91,0.10425087644042728,0.10425082033785188,-0.0027743995677349934,5.381496762460384e-05,-0.0027743995677511125
secondary_regional,Philippines,rsv,1,validation,4.364962813840742,4.36496244276728,220.43062209895749,220.43060335974766,52,52,7.379829697945821,7.379828810503664,8.501182657480563e-06,1.2025238974562074e-05,8.501182659092277e-06
secondary_regional,Philippines,rsv,2,test,9.921305200075333,9.92064550167971,501.0259126038044,500.9925978348254,48,48,18.911749060399675,18.911153475283474,0.006649310572744451,0.0031492862680190647,0.006649310572750123
secondary_regional,Philippines,rsv,2,train,0.02197437616041715,0.02197550826644255,1.1097059961010662,1.109763167455349,90,90,0.10482197680215015,0.10482195266750112,-0.005151937043111415,2.3024416983508644e-05,-0.005151937043109382
secondary_regional,Philippines,rsv,2,validation,4.364957975267661,4.364957808006787,220.43037775101692,220.4303693043428,52,52,7.379757988122143,7.3797571281495715,3.83190112123836e-06,1.1653127009864416e-05,3.83190112083543e-06
secondary_regional,Philippines,rsv,4,test,17.096355422057563,93.96586048800388,863.365948813907,4745.275954644197,48,48,33.49652093010518,208.57485752030925,-449.62509943359026,-522.6761816713074,-449.62509943359026
secondary_regional,Philippines,rsv,4,train,0.01700435311744595,0.016139183007857417,0.8587198324310206,0.8150287418967997,88,88,0.0876057866046111,0.07664802149340702,5.087933093443542,12.50803803709848,5.087933093443542
secondary_regional,Philippines,rsv,4,validation,4.355743468698974,4.363008170051675,219.96504516929824,220.33191258760962,52,52,7.3774484836422065,7.374788783095164,-0.16678441705545227,0.03605176712435735,-0.16678441705545688
secondary_regional,Philippines,sarscov2,1,test,4190.629787150959,21160.751398842927,0.9277798192312517,4.68486101249314,46,46,5538.249735355162,21356.347425292097,-404.9539681058124,-285.6154641954321,-404.95396810581246
secondary_regional,Philippines,sarscov2,1,train,9448.008193313899,19829.986678534624,2.0917312621040627,4.3902378378494165,91,91,16891.947847749736,29078.34525897505,-109.88536708263835,-72.14323369373133,-109.88536708263837
secondary_regional,Philippines,sarscov2,1,validation,11657.74772450744,22177.033463544718,2.5809540870562784,4.909859649492286,52,52,33235.88764136701,45477.11561628456,-90.23428871190241,-36.8313556328236,-90.23428871190241
secondary_regional,Philippines,sarscov2,2,test,8462.086985680136,22481.20565128901,1.8734543332759999,4.977201512575933,46,46,11112.536146077877,22711.332703068354,-165.66975368289826,-104.3757824903384,-165.66975368289826
secondary_regional,Philippines,sarscov2,2,train,11338.366302757588,20149.365297338427,2.510244992531765,4.460946311818807,90,90,19827.96054428514,29258.80362556675,-77.70959906664798,-47.563354083835875,-77.709599066648
secondary_regional,Philippines,sarscov2,2,validation,15899.940990581576,24966.61692301544,3.520149745334196,5.5274563758110276,52,52,42716.92849089868,46363.6715833176,-57.023330701696096,-8.536997441648682,-57.023330701696096
secondary_regional,Philippines,sarscov2,4,test,13913.519754480869,25498.20226084754,3.0803682258601057,5.6451461202384765,46,46,15617.93368395497,25696.798226684856,-83.26205525841733,-64.53391816539963,-83.26205525841733
secondary_regional,Philippines,sarscov2,4,train,14896.994170634962,24752.801629935308,3.2981034500108275,5.480118976890464,88,88,24959.084027038934,33017.30195429834,-66.15970541713823,-32.28571176141597,-66.15970541713823
secondary_regional,Philippines,sarscov2,4,validation,23124.282073211125,31420.443397621242,5.119574701520501,6.95629410762853,52,52,50844.004658075086,47837.64359745841,-35.876406014009845,5.912911622194976,-35.876406014009866
singapore_case_study,Singapore,influenza,1,test,801.2435628265935,48.78116319145498,448.0071534084179,27.27548909629741,52,52,1669.5398967628357,53.8213700456138,93.91181839647274,96.77627529896283,93.91181839647275
singapore_case_study,Singapore,influenza,1,train,0.7243119173155577,0.9953705331396949,0.40499160968181724,0.5565512658415499,100,100,2.9579721488006108,2.8433405659232145,-37.422912607697214,3.875343549934259,-37.42291260769721
singapore_case_study,Singapore,influenza,1,validation,11.881205465455794,17.20105958669595,6.643254668857004,9.617796758152576,52,52,18.447160783162513,26.713657920283644,-44.77537348131429,-44.81175848299813,-44.77537348131427
singapore_case_study,Singapore,influenza,2,test,694.1673093090728,41.269749394929086,388.1365600437827,23.07555880146573,52,52,1457.267407454394,47.09871014785574,94.05478350226457,96.7680118345521,94.05478350226458
singapore_case_study,Singapore,influenza,2,train,0.1562167920999716,0.31293030758311335,0.08734702353976907,0.17497178488518167,99,99,0.46391046966573213,0.8882675738092353,-100.31797054368666,-91.47392264056275,-100.31797054368667
singapore_case_study,Singapore,influenza,2,validation,15.996446462680309,17.32993759454192,8.944249635047056,9.68985757974387,52,52,24.814119520914957,26.874784655977624,-8.336171005058187,-8.304405616027617,-8.33617100505818
singapore_case_study,Singapore,influenza,4,test,838.1660377663575,48.86790693688555,468.65197810592036,27.323990975462888,52,52,1845.7690216806582,53.900773641517645,94.16966272373497,97.07976604827627,94.16966272373497
singapore_case_study,Singapore,influenza,4,train,0.1409004606270771,0.4531930034823122,0.07878305325384956,0.2533982385062391,97,97,0.49726649978273435,0.9525231420861286,-221.6405407515192,-91.55184242298748,-221.64054075151924
singapore_case_study,Singapore,influenza,4,validation,14.888263406789738,17.35718136635037,8.324620399495338,9.705090656453972,52,52,22.94083940940629,26.912539484129667,-16.582981453932984,-17.312793153919575,-16.582981453932994
singapore_case_study,Singapore,sarscov2,1,test,6958.865631071115,7060.973414232231,9.840934780552555,9.985331308370075,52,52,10771.16578693646,9968.543476508441,-1.4673049973146262,7.451582552015496,-1.467304997314617
singapore_case_study,Singapore,sarscov2,1,train,1092.533961026252,2145.800627282913,1.5450155278171684,3.0345009006747565,96,96,2188.944570916939,4767.538478422404,-96.40585133548562,-117.80078590228094,-96.40585133548564
singapore_case_study,Singapore,sarscov2,1,validation,19472.80975420313,26699.553078968544,27.537627674487034,37.7573838107847,52,52,27631.12805810261,39703.9851152881,-37.111970054581114,-43.692957565101,-37.11197005458111
singapore_case_study,Singapore,sarscov2,2,test,7720.1557222469555,8107.853354129628,10.917519174263461,11.465784841716046,52,52,12018.737711647285,10896.057334410474,-5.021888752392072,9.341083932207194,-5.021888752392072
singapore_case_study,Singapore,sarscov2,2,train,1641.1503113293033,2347.1802440731876,2.320845671565195,3.319283475886045,95,95,3685.7561292520804,4952.77592329677,-43.02043072288804,-34.37611577144132,-43.020430722888044
singapore_case_study,Singapore,sarscov2,2,validation,25855.834988780327,28414.319742451524,36.5642332114051,40.182334628035115,52,52,35815.96630880611,40347.064973471526,-9.895192921757912,-12.651057982348355,-9.895192921757907
singapore_case_study,Singapore,sarscov2,4,test,9481.705705615286,9722.438195950892,13.408628992738704,13.749062744811031,52,52,12024.281275116246,12207.152024686371,-2.538915442113314,-1.5208455739352091,-2.538915442113323
singapore_case_study,Singapore,sarscov2,4,train,2932.0835938428813,2758.024457332957,4.1464291664580735,3.90028206416235,93,93,5319.832345570809,5309.871050383513,5.936363372293797,0.18724829167952126,5.936363372293785
singapore_case_study,Singapore,sarscov2,4,validation,31519.54340483483,31563.500826134907,44.57361118956273,44.635773923989426,52,52,43727.72136917909,42751.92046003043,-0.13946084413562648,2.2315384351045573,-0.13946084413561835
