model,calibration_factor,macro_mean_scaled_wis,mean_coverage_50,mean_coverage_80,mean_coverage_95,number_of_series
M2,0.05,2.316615488853064,0.3068910256410257,0.4871794871794872,0.6025641025641025,24
M2,0.1,2.287215704629373,0.3661858974358975,0.5584935897435898,0.7107371794871794,24
M2,0.2,2.340884336715595,0.4342948717948718,0.6682692307692307,0.8157051282051283,24
M2,0.32,2.439767909882692,0.4863782051282051,0.7435897435897436,0.8717948717948719,24
M2,0.5,2.57755547568579,0.5408653846153846,0.8044871794871794,0.9030448717948718,24
M2,0.75,2.764384647952254,0.5657051282051282,0.842147435897436,0.920673076923077,24
M2,1.0,2.911212334832124,0.5584935897435898,0.8453525641025642,0.9326923076923078,24
M2,1.5,3.136293663470303,0.4983974358974359,0.8501602564102564,0.9391025641025642,24
M2,2.0,3.3148506640436075,0.436698717948718,0.8477564102564102,0.9423076923076924,24
M2,3.0,3.627737662226055,0.3373397435897436,0.8020833333333334,0.9431089743589745,24
M2,5.0,4.024959456922503,0.19230769230769232,0.6963141025641025,0.9423076923076922,24
M3,0.05,2.2872820684869293,0.33092948717948717,0.5000000000000001,0.6346153846153846,24
M3,0.1,2.2444022442165603,0.4022435897435897,0.5528846153846154,0.7267628205128206,24
M3,0.2,2.25641236142947,0.438301282051282,0.6522435897435898,0.8205128205128206,24
M3,0.32,2.3337842249738157,0.4751602564102564,0.7211538461538461,0.8766025641025642,24
M3,0.5,2.4689678411538107,0.5080128205128205,0.7828525641025642,0.9118589743589745,24
M3,0.75,2.649207514476585,0.5240384615384616,0.8205128205128206,0.9294871794871794,24
M3,1.0,2.7778021462725473,0.516826923076923,0.826923076923077,0.9423076923076922,24
M3,1.5,3.0134188254757723,0.4663461538461538,0.8165064102564102,0.9495192307692308,24
M3,2.0,3.1983808587471736,0.3894230769230769,0.7996794871794872,0.955128205128205,24
M3,3.0,3.5442645377312405,0.31009615384615385,0.7475961538461539,0.9591346153846153,24
M3,5.0,3.9297631196880247,0.1891025641025641,0.6370192307692308,0.9623397435897436,24
