analysis_group,country,target_pathogen,forecast_horizon_weeks,coverage_50_m2,coverage_50_m3,coverage_80_m2,coverage_80_m3,coverage_95_m2,coverage_95_m3,mean_width_50_m2,mean_width_50_m3,mean_width_80_m2,mean_width_80_m3,mean_width_95_m2,mean_width_95_m3,mean_wis_m2,mean_wis_m3,n_m2,n_m3,m3_vs_m2_wis_improvement_pct
primary_regional,Brunei Darussalam,influenza,1,0.45161290322580644,0.4838709677419355,0.6451612903225806,0.7096774193548387,0.8387096774193549,0.8064516129032258,4.806451612903226,3.032258064516129,9.258064516129032,5.967741935483871,14.0,8.806451612903226,2.168663594470046,1.675806451612903,31,31,22.726306842328956
primary_regional,Brunei Darussalam,influenza,2,0.4375,0.4375,0.59375,0.71875,0.8125,0.875,4.90625,3.125,9.28125,6.125,14.15625,9.21875,2.4845982142857146,1.5622767857142859,32,32,37.121552421166115
primary_regional,Brunei Darussalam,influenza,4,0.3125,0.34375,0.4375,0.625,0.78125,0.84375,5.28125,3.1875,10.0625,6.40625,15.4375,9.53125,3.0339285714285715,1.7823660714285714,32,32,41.252207180694526
primary_regional,Brunei Darussalam,rsv,1,0.5483870967741935,0.5806451612903226,0.8064516129032258,0.8064516129032258,0.9354838709677419,0.9354838709677419,1.935483870967742,2.129032258064516,3.225806451612903,3.4516129032258065,4.806451612903226,5.193548387096774,0.9099078341013824,0.873041474654378,31,31,4.051658647758909
primary_regional,Brunei Darussalam,rsv,2,0.5625,0.65625,0.71875,0.71875,0.875,0.90625,1.96875,2.09375,3.34375,3.65625,4.875,5.3125,1.1325892857142859,1.0553571428571429,32,32,6.819077650768634
primary_regional,Brunei Darussalam,rsv,4,0.53125,0.6875,0.75,0.78125,0.90625,0.90625,1.9375,2.125,3.28125,3.75,4.90625,5.4375,1.0529017857142855,0.9718749999999998,32,32,7.695569217723127
primary_regional,Brunei Darussalam,sarscov2,1,0.3333333333333333,0.4444444444444444,0.6388888888888888,0.6666666666666666,0.8333333333333334,0.8333333333333334,1037.2777777777778,1016.5833333333334,1999.888888888889,1959.9444444444443,3140.4444444444443,3077.722222222222,384.90079365079356,366.8690476190476,36,36,4.684777565853895
primary_regional,Brunei Darussalam,sarscov2,2,0.027777777777777776,0.3888888888888889,0.1111111111111111,0.5833333333333334,0.2777777777777778,0.6388888888888888,1295.4166666666667,1386.1666666666667,2497.1388888888887,2672.027777777778,3920.4444444444443,4194.722222222223,665.2448412698413,620.0559523809525,36,36,6.792820640687844
primary_regional,Brunei Darussalam,sarscov2,4,0.02702702702702703,0.13513513513513514,0.10810810810810811,0.24324324324324326,0.1891891891891892,0.4864864864864865,1545.7297297297298,1335.8918918918919,2978.7837837837837,2574.2432432432433,4674.216216216216,4039.5945945945946,887.7540540540541,717.0720077220077,37,37,19.22627619131704
primary_regional,Indonesia,influenza,1,0.4583333333333333,0.20833333333333334,0.75,0.625,0.8333333333333334,0.7916666666666666,12.625,7.125,24.208333333333332,13.666666666666666,38.25,21.666666666666668,4.842857142857143,6.982738095238095,24,24,-44.18633235004914
primary_regional,Indonesia,influenza,2,0.4166666666666667,0.25,0.6666666666666666,0.5416666666666666,0.875,0.7916666666666666,8.791666666666666,6.416666666666667,17.083333333333332,12.25,26.875,19.416666666666668,5.0997023809523805,7.060119047619048,24,24,-38.44178581850016
primary_regional,Indonesia,influenza,4,0.16666666666666666,0.16666666666666666,0.375,0.4583333333333333,0.625,0.625,6.666666666666667,5.583333333333333,12.75,11.0,20.125,17.333333333333332,7.216369047619048,8.420238095238096,24,24,-16.68247618262054
primary_regional,Indonesia,rsv,1,1.0,1.0,1.0,1.0,1.0,1.0,0.0,0.0,0.0,0.0,0.0,0.0,0.0,0.0,24,24,
primary_regional,Indonesia,rsv,2,1.0,1.0,1.0,1.0,1.0,1.0,0.0,0.0,0.0,0.0,0.0,0.0,0.0,0.0,24,24,
primary_regional,Indonesia,rsv,4,1.0,1.0,1.0,1.0,1.0,1.0,0.0,0.0,0.0,0.0,0.0,0.0,0.0,0.0,24,24,
primary_regional,Indonesia,sarscov2,1,0.11764705882352941,0.058823529411764705,0.17647058823529413,0.17647058823529413,0.29411764705882354,0.23529411764705882,4254.529411764706,15090.588235294117,8197.411764705883,29077.058823529413,12861.764705882353,45621.41176470588,2726.6319327731094,10540.41344537815,17,17,-286.5726546618292
primary_regional,Indonesia,sarscov2,2,0.0,0.0,0.0,0.05555555555555555,0.16666666666666666,0.2222222222222222,27019.944444444445,51125.61111111111,52057.944444444445,98501.11111111111,81663.11111111111,154517.83333333334,19317.213492063496,36888.472619047614,18,18,-90.96166553319553
primary_regional,Indonesia,sarscov2,4,0.05555555555555555,0.05555555555555555,0.1111111111111111,0.05555555555555555,0.1111111111111111,0.16666666666666666,49734.833333333336,84444.61111111111,95802.05555555556,162662.22222222222,150229.44444444444,255074.16666666666,36332.026984126984,61836.62103174605,18,18,-70.19865436839434
primary_regional,Malaysia,influenza,1,0.7142857142857143,0.30612244897959184,0.9387755102040817,0.6122448979591837,0.9795918367346939,0.7755102040816326,86.14285714285714,63.40816326530612,164.59183673469389,121.08163265306122,254.3265306122449,187.28571428571428,18.004664723032068,35.769533527696794,49,49,-98.66814560528533
primary_regional,Malaysia,influenza,2,0.6326530612244898,0.32653061224489793,0.8571428571428571,0.5714285714285714,0.9183673469387755,0.6530612244897959,86.0,61.775510204081634,164.22448979591837,118.0204081632653,253.53061224489795,182.44897959183675,21.24941690962099,41.239358600583095,49,49,-94.07289515747306
primary_regional,Malaysia,influenza,4,0.3673469387755102,0.3673469387755102,0.7346938775510204,0.5306122448979592,0.8979591836734694,0.6530612244897959,62.44897959183673,59.36734693877551,119.36734693877551,113.28571428571429,184.28571428571428,175.0612244897959,26.027113702623907,48.605247813411076,49,49,-86.74851298824952
primary_regional,Malaysia,rsv,1,0.4583333333333333,0.5625,0.7291666666666666,0.7708333333333334,0.875,0.875,4.0625,4.75,7.6875,9.104166666666666,11.729166666666666,13.791666666666666,1.9626488095238095,1.8705357142857142,48,48,4.693305026916373
primary_regional,Malaysia,rsv,2,0.4166666666666667,0.5416666666666666,0.6875,0.7916666666666666,0.8333333333333334,0.875,4.125,4.791666666666667,7.791666666666667,9.125,11.8125,13.9375,2.1075892857142855,1.9436011904761905,48,48,7.780837393207642
primary_regional,Malaysia,rsv,4,0.4375,0.4791666666666667,0.6666666666666666,0.75,0.8541666666666666,0.875,4.125,4.8125,8.0625,9.3125,12.208333333333334,14.020833333333334,2.3473214285714286,2.1623511904761905,48,48,7.880055788005576
primary_regional,Malaysia,sarscov2,1,0.2826086956521739,0.41304347826086957,0.6739130434782609,0.782608695652174,0.9130434782608695,0.9565217391304348,2074.391304347826,1682.3695652173913,3979.0434782608695,3226.978260869565,6192.717391304348,5022.217391304348,646.5417701863353,511.6298136645964,46,46,20.86670386089005
primary_regional,Malaysia,sarscov2,2,0.17391304347826086,0.2608695652173913,0.41304347826086957,0.5434782608695652,0.6956521739130435,0.8043478260869565,3130.717391304348,2359.891304347826,6004.804347826087,4526.326086956522,9344.391304347826,7043.521739130435,1357.2447204968944,906.3378881987576,46,46,33.22222039169601
primary_regional,Malaysia,sarscov2,4,0.13043478260869565,0.10869565217391304,0.21739130434782608,0.30434782608695654,0.5,0.6086956521739131,4807.152173913043,3173.8695652173915,9219.130434782608,6086.652173913043,14342.260869565218,9469.152173913044,2932.2972049689442,1860.6156832298138,46,46,36.547506846274146
