column_number,column_name,dtype
1,WHOREGION,str
2,FLUSEASON,str
3,HEMISPHERE,str
4,ITZ,str
5,COUNTRY_CODE,str
6,COUNTRY_AREA_TERRITORY,str
7,ISO_WEEKSTARTDATE,str
8,ISO_YEAR,int64
9,ISO_WEEK,int64
10,MMWR_WEEKSTARTDATE,str
11,MMWR_YEAR,int64
12,MMWR_WEEK,int64
13,ORIGIN_SOURCE,str
14,SPEC_PROCESSED_NB,float64
15,SPEC_RECEIVED_NB,float64
16,AH1N12009,float64
17,AH1,float64
18,AH3,float64
19,AH5,float64
20,AH7N9,float64
21,ANOTSUBTYPED,float64
22,ANOTSUBTYPABLE,float64
23,AOTHER_SUBTYPE,float64
24,AOTHER_SUBTYPE_DETAILS,str
25,INF_A,float64
26,BVIC_2DEL,float64
27,BVIC_3DEL,float64
28,BVIC_NODEL,float64
29,BVIC_DELUNK,float64
30,BYAM,float64
31,BNOTDETERMINED,float64
32,INF_B,float64
33,INF_ALL,float64
34,INF_NEGATIVE,float64
35,ILI_ACTIVITY,float64
36,ADENO,float64
37,BOCA,float64
38,HUMAN_CORONA,float64
39,METAPNEUMO,float64
40,PARAINFLUENZA,float64
41,RHINO,float64
42,RSV_PROCESSED,float64
43,RSV,float64
44,OTHERRESPVIRUS,float64
45,OTHER_RESPVIRUS_DETAILS,str
46,LAB_RESULT_COMMENT,str
47,WCR_COMMENT,str
48,ISO2,str
49,ISOYW,int64
50,MMWRYW,int64
51,PSOURCE_SUBTYPE_INF,float64
52,PSOURCE_PPOS_INF,float64
53,PSOURCE_RSV,float64
