analysis_group,country,target_pathogen,forecast_horizon_weeks,model,config_id,max_depth,eta,min_child_weight,reg_lambda,best_rounds,validation_mae,status,message
exploratory_regional,Thailand,influenza,1,M1,A,2,0.03,1,1.0,36,10.309413321479878,success,
exploratory_regional,Thailand,influenza,1,M1,B,2,0.05,1,1.0,22,10.724623365617104,success,
exploratory_regional,Thailand,influenza,1,M1,C,2,0.05,5,10.0,37,10.155270056329472,success,
exploratory_regional,Thailand,influenza,1,M1,D,3,0.03,1,1.0,36,10.623214796313087,success,
exploratory_regional,Thailand,influenza,1,M1,E,3,0.05,1,10.0,33,10.286757483965483,success,
exploratory_regional,Thailand,influenza,1,M1,F,3,0.05,5,10.0,37,10.178120728824949,success,
exploratory_regional,Thailand,influenza,1,M2,A,2,0.03,1,1.0,18,11.861383619817635,success,
exploratory_regional,Thailand,influenza,1,M2,B,2,0.05,1,1.0,10,11.744721621086795,success,
exploratory_regional,Thailand,influenza,1,M2,C,2,0.05,5,10.0,11,12.294667023623322,success,
exploratory_regional,Thailand,influenza,1,M2,D,3,0.03,1,1.0,10,12.415640972274876,success,
exploratory_regional,Thailand,influenza,1,M2,E,3,0.05,1,10.0,10,12.286744387680129,success,
exploratory_regional,Thailand,influenza,1,M2,F,3,0.05,5,10.0,18,12.032751546822178,success,
exploratory_regional,Thailand,influenza,1,M3,A,2,0.03,1,1.0,4,13.174325067560003,success,
exploratory_regional,Thailand,influenza,1,M3,B,2,0.05,1,1.0,4,13.188914711748742,success,
exploratory_regional,Thailand,influenza,1,M3,C,2,0.05,5,10.0,1,13.278500496805384,success,
exploratory_regional,Thailand,influenza,1,M3,D,3,0.03,1,1.0,19,12.973922169998108,success,
exploratory_regional,Thailand,influenza,1,M3,E,3,0.05,1,10.0,4,13.001559125685755,success,
exploratory_regional,Thailand,influenza,1,M3,F,3,0.05,5,10.0,1,13.278500496805384,success,
exploratory_regional,Thailand,influenza,2,M1,A,2,0.03,1,1.0,19,10.810213426335931,success,
exploratory_regional,Thailand,influenza,2,M1,B,2,0.05,1,1.0,12,10.669759822887078,success,
exploratory_regional,Thailand,influenza,2,M1,C,2,0.05,5,10.0,21,10.844401281249434,success,
exploratory_regional,Thailand,influenza,2,M1,D,3,0.03,1,1.0,19,10.759756861448261,success,
exploratory_regional,Thailand,influenza,2,M1,E,3,0.05,1,10.0,19,10.782715552088913,success,
exploratory_regional,Thailand,influenza,2,M1,F,3,0.05,5,10.0,24,10.788691437463019,success,
exploratory_regional,Thailand,influenza,2,M2,A,2,0.03,1,1.0,18,12.242822537524802,success,
exploratory_regional,Thailand,influenza,2,M2,B,2,0.05,1,1.0,10,11.974959093121363,success,
exploratory_regional,Thailand,influenza,2,M2,C,2,0.05,5,10.0,10,12.288109966525564,success,
exploratory_regional,Thailand,influenza,2,M2,D,3,0.03,1,1.0,4,12.78763251033362,success,
exploratory_regional,Thailand,influenza,2,M2,E,3,0.05,1,10.0,10,12.610082451711534,success,
exploratory_regional,Thailand,influenza,2,M2,F,3,0.05,5,10.0,10,12.26679388869737,success,
exploratory_regional,Thailand,influenza,2,M3,A,2,0.03,1,1.0,1,13.159351885508894,success,
exploratory_regional,Thailand,influenza,2,M3,B,2,0.05,1,1.0,1,13.119174842343186,success,
exploratory_regional,Thailand,influenza,2,M3,C,2,0.05,5,10.0,1,13.160827425397668,success,
exploratory_regional,Thailand,influenza,2,M3,D,3,0.03,1,1.0,4,13.119814696864236,success,
exploratory_regional,Thailand,influenza,2,M3,E,3,0.05,1,10.0,4,12.990440813473834,success,
exploratory_regional,Thailand,influenza,2,M3,F,3,0.05,5,10.0,1,13.160827425397668,success,
exploratory_regional,Thailand,influenza,4,M1,A,2,0.03,1,1.0,15,11.885116050146662,success,
exploratory_regional,Thailand,influenza,4,M1,B,2,0.05,1,1.0,8,11.991192982559403,success,
exploratory_regional,Thailand,influenza,4,M1,C,2,0.05,5,10.0,15,11.856441039406615,success,
exploratory_regional,Thailand,influenza,4,M1,D,3,0.03,1,1.0,15,11.98217416332515,success,
exploratory_regional,Thailand,influenza,4,M1,E,3,0.05,1,10.0,15,12.024342626791192,success,
exploratory_regional,Thailand,influenza,4,M1,F,3,0.05,5,10.0,15,11.905305606526692,success,
exploratory_regional,Thailand,influenza,4,M2,A,2,0.03,1,1.0,4,12.91049997019966,success,
exploratory_regional,Thailand,influenza,4,M2,B,2,0.05,1,1.0,4,12.711041919550725,success,
exploratory_regional,Thailand,influenza,4,M2,C,2,0.05,5,10.0,4,12.915308428335443,success,
exploratory_regional,Thailand,influenza,4,M2,D,3,0.03,1,1.0,4,12.998019311947573,success,
exploratory_regional,Thailand,influenza,4,M2,E,3,0.05,1,10.0,4,13.053344739973245,success,
exploratory_regional,Thailand,influenza,4,M2,F,3,0.05,5,10.0,4,12.915308428335443,success,
exploratory_regional,Thailand,influenza,4,M3,A,2,0.03,1,1.0,1,13.307883870036726,success,
exploratory_regional,Thailand,influenza,4,M3,B,2,0.05,1,1.0,1,13.369339391540878,success,
exploratory_regional,Thailand,influenza,4,M3,C,2,0.05,5,10.0,1,13.308958810471264,success,
exploratory_regional,Thailand,influenza,4,M3,D,3,0.03,1,1.0,1,13.259429618853831,success,
exploratory_regional,Thailand,influenza,4,M3,E,3,0.05,1,10.0,1,13.3183286527708,success,
exploratory_regional,Thailand,influenza,4,M3,F,3,0.05,5,10.0,1,13.308958810471264,success,
exploratory_regional,Thailand,rsv,1,M1,A,2,0.03,1,1.0,38,5.063399866622788,success,
exploratory_regional,Thailand,rsv,1,M1,B,2,0.05,1,1.0,31,5.208102656132982,success,
exploratory_regional,Thailand,rsv,1,M1,C,2,0.05,5,10.0,38,5.14163332980428,success,
exploratory_regional,Thailand,rsv,1,M1,D,3,0.03,1,1.0,57,5.035187699849867,success,
exploratory_regional,Thailand,rsv,1,M1,E,3,0.05,1,10.0,38,5.1793963612487595,success,
exploratory_regional,Thailand,rsv,1,M1,F,3,0.05,5,10.0,38,5.182413871730129,success,
exploratory_regional,Thailand,rsv,1,M2,A,2,0.03,1,1.0,57,4.692178655878615,success,
exploratory_regional,Thailand,rsv,1,M2,B,2,0.05,1,1.0,35,4.836843524153895,success,
exploratory_regional,Thailand,rsv,1,M2,C,2,0.05,5,10.0,57,4.793066675739964,success,
exploratory_regional,Thailand,rsv,1,M2,D,3,0.03,1,1.0,61,4.768585849940697,success,
exploratory_regional,Thailand,rsv,1,M2,E,3,0.05,1,10.0,46,5.03688373991174,success,
exploratory_regional,Thailand,rsv,1,M2,F,3,0.05,5,10.0,57,4.716770269085848,success,
exploratory_regional,Thailand,rsv,1,M3,A,2,0.03,1,1.0,60,4.858425137042883,success,
exploratory_regional,Thailand,rsv,1,M3,B,2,0.05,1,1.0,38,4.731659504862806,success,
exploratory_regional,Thailand,rsv,1,M3,C,2,0.05,5,10.0,57,4.756636069579546,success,
exploratory_regional,Thailand,rsv,1,M3,D,3,0.03,1,1.0,65,4.788399909078967,success,
exploratory_regional,Thailand,rsv,1,M3,E,3,0.05,1,10.0,65,5.035410442217112,success,
exploratory_regional,Thailand,rsv,1,M3,F,3,0.05,5,10.0,57,4.856973453536818,success,
exploratory_regional,Thailand,rsv,2,M1,A,2,0.03,1,1.0,38,5.638148713623696,success,
exploratory_regional,Thailand,rsv,2,M1,B,2,0.05,1,1.0,11,5.318610585288204,success,
exploratory_regional,Thailand,rsv,2,M1,C,2,0.05,5,10.0,38,5.522928706904166,success,
exploratory_regional,Thailand,rsv,2,M1,D,3,0.03,1,1.0,19,5.408315888256716,success,
exploratory_regional,Thailand,rsv,2,M1,E,3,0.05,1,10.0,53,5.611257571559472,success,
exploratory_regional,Thailand,rsv,2,M1,F,3,0.05,5,10.0,39,5.556157816560839,success,
exploratory_regional,Thailand,rsv,2,M2,A,2,0.03,1,1.0,38,4.702269155939887,success,
exploratory_regional,Thailand,rsv,2,M2,B,2,0.05,1,1.0,22,4.853333405234704,success,
exploratory_regional,Thailand,rsv,2,M2,C,2,0.05,5,10.0,44,4.49502094667748,success,
exploratory_regional,Thailand,rsv,2,M2,D,3,0.03,1,1.0,35,4.7932054064599035,success,
exploratory_regional,Thailand,rsv,2,M2,E,3,0.05,1,10.0,44,4.777154931665826,success,
exploratory_regional,Thailand,rsv,2,M2,F,3,0.05,5,10.0,49,4.704958886746648,success,
exploratory_regional,Thailand,rsv,2,M3,A,2,0.03,1,1.0,54,4.671469621686055,success,
exploratory_regional,Thailand,rsv,2,M3,B,2,0.05,1,1.0,37,4.713955908763271,success,
exploratory_regional,Thailand,rsv,2,M3,C,2,0.05,5,10.0,64,4.312160817569691,success,
exploratory_regional,Thailand,rsv,2,M3,D,3,0.03,1,1.0,40,4.851364287361908,success,
exploratory_regional,Thailand,rsv,2,M3,E,3,0.05,1,10.0,64,4.2905652156382565,success,
exploratory_regional,Thailand,rsv,2,M3,F,3,0.05,5,10.0,54,4.672979903377797,success,
exploratory_regional,Thailand,rsv,4,M1,A,2,0.03,1,1.0,11,6.728065912259274,success,
exploratory_regional,Thailand,rsv,4,M1,B,2,0.05,1,1.0,5,6.70486680953613,success,
exploratory_regional,Thailand,rsv,4,M1,C,2,0.05,5,10.0,11,6.922543970957912,success,
exploratory_regional,Thailand,rsv,4,M1,D,3,0.03,1,1.0,5,6.923306505792339,success,
exploratory_regional,Thailand,rsv,4,M1,E,3,0.05,1,10.0,8,7.0287731604327695,success,
exploratory_regional,Thailand,rsv,4,M1,F,3,0.05,5,10.0,11,6.922543970957912,success,
exploratory_regional,Thailand,rsv,4,M2,A,2,0.03,1,1.0,37,6.640849102107727,success,
exploratory_regional,Thailand,rsv,4,M2,B,2,0.05,1,1.0,22,6.286924393956405,success,
exploratory_regional,Thailand,rsv,4,M2,C,2,0.05,5,10.0,43,6.91671117363034,success,
exploratory_regional,Thailand,rsv,4,M2,D,3,0.03,1,1.0,32,6.391407598896797,success,
exploratory_regional,Thailand,rsv,4,M2,E,3,0.05,1,10.0,65,7.613573995121856,success,
exploratory_regional,Thailand,rsv,4,M2,F,3,0.05,5,10.0,65,7.385493581660741,success,
exploratory_regional,Thailand,rsv,4,M3,A,2,0.03,1,1.0,67,8.156738347904739,success,
exploratory_regional,Thailand,rsv,4,M3,B,2,0.05,1,1.0,18,6.893034719096642,success,
exploratory_regional,Thailand,rsv,4,M3,C,2,0.05,5,10.0,85,7.999966848453763,success,
exploratory_regional,Thailand,rsv,4,M3,D,3,0.03,1,1.0,32,6.695814897915673,success,
exploratory_regional,Thailand,rsv,4,M3,E,3,0.05,1,10.0,68,7.52880592454974,success,
exploratory_regional,Thailand,rsv,4,M3,F,3,0.05,5,10.0,67,7.472370378660286,success,
exploratory_regional,Thailand,sarscov2,1,M1,A,2,0.03,1,1.0,144,322.6366774032749,success,
exploratory_regional,Thailand,sarscov2,1,M1,B,2,0.05,1,1.0,175,319.6146427198161,success,
exploratory_regional,Thailand,sarscov2,1,M1,C,2,0.05,5,10.0,370,326.2982966792761,success,
exploratory_regional,Thailand,sarscov2,1,M1,D,3,0.03,1,1.0,176,289.1076491596511,success,
exploratory_regional,Thailand,sarscov2,1,M1,E,3,0.05,1,10.0,159,261.2165917816758,success,
exploratory_regional,Thailand,sarscov2,1,M1,F,3,0.05,5,10.0,1987,272.3649701123433,success,
exploratory_regional,Thailand,sarscov2,1,M2,A,2,0.03,1,1.0,46,388.45644945037265,success,
exploratory_regional,Thailand,sarscov2,1,M2,B,2,0.05,1,1.0,32,382.5790939352006,success,
exploratory_regional,Thailand,sarscov2,1,M2,C,2,0.05,5,10.0,44,387.8023335737252,success,
exploratory_regional,Thailand,sarscov2,1,M2,D,3,0.03,1,1.0,81,326.9906606060052,success,
exploratory_regional,Thailand,sarscov2,1,M2,E,3,0.05,1,10.0,149,278.7033767308622,success,
exploratory_regional,Thailand,sarscov2,1,M2,F,3,0.05,5,10.0,44,391.4554838443342,success,
exploratory_regional,Thailand,sarscov2,1,M3,A,2,0.03,1,1.0,51,461.06274135550416,success,
exploratory_regional,Thailand,sarscov2,1,M3,B,2,0.05,1,1.0,45,447.94829427320326,success,
exploratory_regional,Thailand,sarscov2,1,M3,C,2,0.05,5,10.0,148,474.71005987310514,success,
exploratory_regional,Thailand,sarscov2,1,M3,D,3,0.03,1,1.0,66,447.1129934244185,success,
exploratory_regional,Thailand,sarscov2,1,M3,E,3,0.05,1,10.0,196,434.481176531428,success,
exploratory_regional,Thailand,sarscov2,1,M3,F,3,0.05,5,10.0,51,480.01937132510864,success,
exploratory_regional,Thailand,sarscov2,2,M1,A,2,0.03,1,1.0,12,504.01082278365,success,
exploratory_regional,Thailand,sarscov2,2,M1,B,2,0.05,1,1.0,12,501.64671711551335,success,
exploratory_regional,Thailand,sarscov2,2,M1,C,2,0.05,5,10.0,14,490.33628844723773,success,
exploratory_regional,Thailand,sarscov2,2,M1,D,3,0.03,1,1.0,19,499.05134849292205,success,
exploratory_regional,Thailand,sarscov2,2,M1,E,3,0.05,1,10.0,19,476.8807116177973,success,
exploratory_regional,Thailand,sarscov2,2,M1,F,3,0.05,5,10.0,19,483.7927505998254,success,
exploratory_regional,Thailand,sarscov2,2,M2,A,2,0.03,1,1.0,20,505.15824249775426,success,
exploratory_regional,Thailand,sarscov2,2,M2,B,2,0.05,1,1.0,8,506.29724274547965,success,
exploratory_regional,Thailand,sarscov2,2,M2,C,2,0.05,5,10.0,33,481.19097368597,success,
exploratory_regional,Thailand,sarscov2,2,M2,D,3,0.03,1,1.0,20,494.67102879100554,success,
exploratory_regional,Thailand,sarscov2,2,M2,E,3,0.05,1,10.0,33,483.0767334001844,success,
exploratory_regional,Thailand,sarscov2,2,M2,F,3,0.05,5,10.0,33,478.97344752582507,success,
exploratory_regional,Thailand,sarscov2,2,M3,A,2,0.03,1,1.0,33,516.1644241416438,success,
exploratory_regional,Thailand,sarscov2,2,M3,B,2,0.05,1,1.0,1,512.713709455858,success,
exploratory_regional,Thailand,sarscov2,2,M3,C,2,0.05,5,10.0,1,510.8442631873656,success,
exploratory_regional,Thailand,sarscov2,2,M3,D,3,0.03,1,1.0,31,499.7422533754403,success,
exploratory_regional,Thailand,sarscov2,2,M3,E,3,0.05,1,10.0,10,503.53714428434927,success,
exploratory_regional,Thailand,sarscov2,2,M3,F,3,0.05,5,10.0,1,510.8442631873656,success,
exploratory_regional,Thailand,sarscov2,4,M1,A,2,0.03,1,1.0,10,496.6026115897963,success,
exploratory_regional,Thailand,sarscov2,4,M1,B,2,0.05,1,1.0,6,500.0834198762463,success,
exploratory_regional,Thailand,sarscov2,4,M1,C,2,0.05,5,10.0,5,497.8209701614342,success,
exploratory_regional,Thailand,sarscov2,4,M1,D,3,0.03,1,1.0,10,490.30957580413485,success,
exploratory_regional,Thailand,sarscov2,4,M1,E,3,0.05,1,10.0,10,489.5783345516727,success,
exploratory_regional,Thailand,sarscov2,4,M1,F,3,0.05,5,10.0,10,487.5945375984221,success,
exploratory_regional,Thailand,sarscov2,4,M2,A,2,0.03,1,1.0,23,504.7095605754569,success,
exploratory_regional,Thailand,sarscov2,4,M2,B,2,0.05,1,1.0,10,507.44336027717134,success,
exploratory_regional,Thailand,sarscov2,4,M2,C,2,0.05,5,10.0,23,498.4280813385066,success,
exploratory_regional,Thailand,sarscov2,4,M2,D,3,0.03,1,1.0,10,496.1238999406669,success,
exploratory_regional,Thailand,sarscov2,4,M2,E,3,0.05,1,10.0,726,425.39466097927556,success,
exploratory_regional,Thailand,sarscov2,4,M2,F,3,0.05,5,10.0,16,497.6391309785808,success,
exploratory_regional,Thailand,sarscov2,4,M3,A,2,0.03,1,1.0,2,497.8360226665673,success,
exploratory_regional,Thailand,sarscov2,4,M3,B,2,0.05,1,1.0,2,498.39562872993935,success,
exploratory_regional,Thailand,sarscov2,4,M3,C,2,0.05,5,10.0,3,500.66543191187276,success,
exploratory_regional,Thailand,sarscov2,4,M3,D,3,0.03,1,1.0,10,488.57434375056044,success,
exploratory_regional,Thailand,sarscov2,4,M3,E,3,0.05,1,10.0,219,471.69059967529785,success,
exploratory_regional,Thailand,sarscov2,4,M3,F,3,0.05,5,10.0,223,482.90972324573545,success,
primary_regional,Brunei Darussalam,influenza,1,M1,A,2,0.03,1,1.0,81,2.944564378389269,success,
primary_regional,Brunei Darussalam,influenza,1,M1,B,2,0.05,1,1.0,51,2.9403880603890604,success,
primary_regional,Brunei Darussalam,influenza,1,M1,C,2,0.05,5,10.0,94,2.764770779127245,success,
primary_regional,Brunei Darussalam,influenza,1,M1,D,3,0.03,1,1.0,81,3.0154107861125614,success,
primary_regional,Brunei Darussalam,influenza,1,M1,E,3,0.05,1,10.0,78,2.7665493990429306,success,
primary_regional,Brunei Darussalam,influenza,1,M1,F,3,0.05,5,10.0,81,2.781655341067404,success,
primary_regional,Brunei Darussalam,influenza,1,M2,A,2,0.03,1,1.0,78,2.9626630330650103,success,
primary_regional,Brunei Darussalam,influenza,1,M2,B,2,0.05,1,1.0,64,3.0452500076206857,success,
primary_regional,Brunei Darussalam,influenza,1,M2,C,2,0.05,5,10.0,121,2.9500106904121393,success,
primary_regional,Brunei Darussalam,influenza,1,M2,D,3,0.03,1,1.0,125,3.0364564515957566,success,
primary_regional,Brunei Darussalam,influenza,1,M2,E,3,0.05,1,10.0,119,3.146660032061277,success,
primary_regional,Brunei Darussalam,influenza,1,M2,F,3,0.05,5,10.0,120,2.943189138110406,success,
primary_regional,Brunei Darussalam,influenza,1,M3,A,2,0.03,1,1.0,106,2.8354117937540164,success,
primary_regional,Brunei Darussalam,influenza,1,M3,B,2,0.05,1,1.0,64,2.85048100057791,success,
primary_regional,Brunei Darussalam,influenza,1,M3,C,2,0.05,5,10.0,115,2.6815548276521954,success,
primary_regional,Brunei Darussalam,influenza,1,M3,D,3,0.03,1,1.0,107,2.818166153092184,success,
primary_regional,Brunei Darussalam,influenza,1,M3,E,3,0.05,1,10.0,177,2.908994289707029,success,
primary_regional,Brunei Darussalam,influenza,1,M3,F,3,0.05,5,10.0,124,2.6716380236850363,success,
primary_regional,Brunei Darussalam,influenza,2,M1,A,2,0.03,1,1.0,66,3.127931228131231,success,
primary_regional,Brunei Darussalam,influenza,2,M1,B,2,0.05,1,1.0,39,3.0678792013801877,success,
primary_regional,Brunei Darussalam,influenza,2,M1,C,2,0.05,5,10.0,106,3.0774166904287403,success,
primary_regional,Brunei Darussalam,influenza,2,M1,D,3,0.03,1,1.0,78,3.1617843379663957,success,
primary_regional,Brunei Darussalam,influenza,2,M1,E,3,0.05,1,10.0,69,2.8233170823857696,success,
primary_regional,Brunei Darussalam,influenza,2,M1,F,3,0.05,5,10.0,106,3.0762539301681073,success,
primary_regional,Brunei Darussalam,influenza,2,M2,A,2,0.03,1,1.0,282,3.3262760310688853,success,
primary_regional,Brunei Darussalam,influenza,2,M2,B,2,0.05,1,1.0,81,3.022756551551093,success,
primary_regional,Brunei Darussalam,influenza,2,M2,C,2,0.05,5,10.0,221,3.0737555298968116,success,
primary_regional,Brunei Darussalam,influenza,2,M2,D,3,0.03,1,1.0,169,3.1574849171013737,success,
primary_regional,Brunei Darussalam,influenza,2,M2,E,3,0.05,1,10.0,157,2.943110581373761,success,
primary_regional,Brunei Darussalam,influenza,2,M2,F,3,0.05,5,10.0,170,2.984580247459725,success,
primary_regional,Brunei Darussalam,influenza,2,M3,A,2,0.03,1,1.0,97,2.8080867580130278,success,
primary_regional,Brunei Darussalam,influenza,2,M3,B,2,0.05,1,1.0,55,2.7416289520373662,success,
primary_regional,Brunei Darussalam,influenza,2,M3,C,2,0.05,5,10.0,105,2.8194965568348627,success,
primary_regional,Brunei Darussalam,influenza,2,M3,D,3,0.03,1,1.0,81,2.7216523965714505,success,
primary_regional,Brunei Darussalam,influenza,2,M3,E,3,0.05,1,10.0,148,2.612920975120267,success,
primary_regional,Brunei Darussalam,influenza,2,M3,F,3,0.05,5,10.0,160,2.7959064618878786,success,
primary_regional,Brunei Darussalam,influenza,4,M1,A,2,0.03,1,1.0,54,2.8133987364720596,success,
primary_regional,Brunei Darussalam,influenza,4,M1,B,2,0.05,1,1.0,31,2.813585157160219,success,
primary_regional,Brunei Darussalam,influenza,4,M1,C,2,0.05,5,10.0,95,2.799517977094289,success,
primary_regional,Brunei Darussalam,influenza,4,M1,D,3,0.03,1,1.0,74,3.0800409732832343,success,
primary_regional,Brunei Darussalam,influenza,4,M1,E,3,0.05,1,10.0,75,2.7674765942166104,success,
primary_regional,Brunei Darussalam,influenza,4,M1,F,3,0.05,5,10.0,95,2.799517977094289,success,
primary_regional,Brunei Darussalam,influenza,4,M2,A,2,0.03,1,1.0,162,2.9151111687661504,success,
primary_regional,Brunei Darussalam,influenza,4,M2,B,2,0.05,1,1.0,79,2.894720198800348,success,
primary_regional,Brunei Darussalam,influenza,4,M2,C,2,0.05,5,10.0,231,3.0653972108097536,success,
primary_regional,Brunei Darussalam,influenza,4,M2,D,3,0.03,1,1.0,211,2.8482074858156627,success,
primary_regional,Brunei Darussalam,influenza,4,M2,E,3,0.05,1,10.0,189,2.7721129868811327,success,
primary_regional,Brunei Darussalam,influenza,4,M2,F,3,0.05,5,10.0,206,2.986696107149069,success,
primary_regional,Brunei Darussalam,influenza,4,M3,A,2,0.03,1,1.0,510,2.946315406111076,success,
primary_regional,Brunei Darussalam,influenza,4,M3,B,2,0.05,1,1.0,455,2.9025059510574276,success,
primary_regional,Brunei Darussalam,influenza,4,M3,C,2,0.05,5,10.0,74,3.6046864762295923,success,
primary_regional,Brunei Darussalam,influenza,4,M3,D,3,0.03,1,1.0,542,2.8311998844238193,success,
primary_regional,Brunei Darussalam,influenza,4,M3,E,3,0.05,1,10.0,1125,3.2534009927016303,success,
primary_regional,Brunei Darussalam,influenza,4,M3,F,3,0.05,5,10.0,105,3.6328471995734493,success,
primary_regional,Brunei Darussalam,rsv,1,M1,A,2,0.03,1,1.0,126,2.6822036850520097,success,
primary_regional,Brunei Darussalam,rsv,1,M1,B,2,0.05,1,1.0,109,2.576629498161085,success,
primary_regional,Brunei Darussalam,rsv,1,M1,C,2,0.05,5,10.0,213,2.5916013978663344,success,
primary_regional,Brunei Darussalam,rsv,1,M1,D,3,0.03,1,1.0,156,2.7546989763088963,success,
primary_regional,Brunei Darussalam,rsv,1,M1,E,3,0.05,1,10.0,224,3.017127077306863,success,
primary_regional,Brunei Darussalam,rsv,1,M1,F,3,0.05,5,10.0,281,2.581920389740079,success,
primary_regional,Brunei Darussalam,rsv,1,M2,A,2,0.03,1,1.0,149,2.762816764459232,success,
primary_regional,Brunei Darussalam,rsv,1,M2,B,2,0.05,1,1.0,101,2.7908846405213383,success,
primary_regional,Brunei Darussalam,rsv,1,M2,C,2,0.05,5,10.0,286,2.7867391517311857,success,
primary_regional,Brunei Darussalam,rsv,1,M2,D,3,0.03,1,1.0,213,2.802456909171137,success,
primary_regional,Brunei Darussalam,rsv,1,M2,E,3,0.05,1,10.0,472,3.1053528824829018,success,
primary_regional,Brunei Darussalam,rsv,1,M2,F,3,0.05,5,10.0,564,2.777616846790582,success,
primary_regional,Brunei Darussalam,rsv,1,M3,A,2,0.03,1,1.0,529,2.459923490963861,success,
primary_regional,Brunei Darussalam,rsv,1,M3,B,2,0.05,1,1.0,281,2.492433771915727,success,
primary_regional,Brunei Darussalam,rsv,1,M3,C,2,0.05,5,10.0,486,2.5569416023347484,success,
primary_regional,Brunei Darussalam,rsv,1,M3,D,3,0.03,1,1.0,958,2.383384401398811,success,
primary_regional,Brunei Darussalam,rsv,1,M3,E,3,0.05,1,10.0,907,2.665212507567647,success,
primary_regional,Brunei Darussalam,rsv,1,M3,F,3,0.05,5,10.0,486,2.526344315190094,success,
primary_regional,Brunei Darussalam,rsv,2,M1,A,2,0.03,1,1.0,232,2.4821722547476877,success,
primary_regional,Brunei Darussalam,rsv,2,M1,B,2,0.05,1,1.0,115,2.562259255791381,success,
primary_regional,Brunei Darussalam,rsv,2,M1,C,2,0.05,5,10.0,287,2.620069623878116,success,
primary_regional,Brunei Darussalam,rsv,2,M1,D,3,0.03,1,1.0,232,2.651630356350911,success,
primary_regional,Brunei Darussalam,rsv,2,M1,E,3,0.05,1,10.0,594,2.887350308004074,success,
primary_regional,Brunei Darussalam,rsv,2,M1,F,3,0.05,5,10.0,292,2.613402977914195,success,
primary_regional,Brunei Darussalam,rsv,2,M2,A,2,0.03,1,1.0,187,2.7339117465510254,success,
primary_regional,Brunei Darussalam,rsv,2,M2,B,2,0.05,1,1.0,115,2.750428667089419,success,
primary_regional,Brunei Darussalam,rsv,2,M2,C,2,0.05,5,10.0,175,2.841049243351581,success,
primary_regional,Brunei Darussalam,rsv,2,M2,D,3,0.03,1,1.0,188,2.8093791557184487,success,
primary_regional,Brunei Darussalam,rsv,2,M2,E,3,0.05,1,10.0,542,3.0095523412511587,success,
primary_regional,Brunei Darussalam,rsv,2,M2,F,3,0.05,5,10.0,184,2.8526789160450603,success,
primary_regional,Brunei Darussalam,rsv,2,M3,A,2,0.03,1,1.0,222,2.3241453285541285,success,
primary_regional,Brunei Darussalam,rsv,2,M3,B,2,0.05,1,1.0,129,2.3216337336088952,success,
primary_regional,Brunei Darussalam,rsv,2,M3,C,2,0.05,5,10.0,163,2.8024727491418018,success,
primary_regional,Brunei Darussalam,rsv,2,M3,D,3,0.03,1,1.0,589,2.3159356750351034,success,
primary_regional,Brunei Darussalam,rsv,2,M3,E,3,0.05,1,10.0,1954,2.444867551580308,success,
primary_regional,Brunei Darussalam,rsv,2,M3,F,3,0.05,5,10.0,284,2.7964972260502914,success,
primary_regional,Brunei Darussalam,rsv,4,M1,A,2,0.03,1,1.0,806,2.3744928434793495,success,
primary_regional,Brunei Darussalam,rsv,4,M1,B,2,0.05,1,1.0,360,2.399445512301322,success,
primary_regional,Brunei Darussalam,rsv,4,M1,C,2,0.05,5,10.0,267,2.623316610956847,success,
primary_regional,Brunei Darussalam,rsv,4,M1,D,3,0.03,1,1.0,358,2.6805619093083917,success,
primary_regional,Brunei Darussalam,rsv,4,M1,E,3,0.05,1,10.0,917,2.833087765475916,success,
primary_regional,Brunei Darussalam,rsv,4,M1,F,3,0.05,5,10.0,267,2.616362619685484,success,
primary_regional,Brunei Darussalam,rsv,4,M2,A,2,0.03,1,1.0,314,2.7224735227457413,success,
primary_regional,Brunei Darussalam,rsv,4,M2,B,2,0.05,1,1.0,173,2.7620487247097576,success,
primary_regional,Brunei Darussalam,rsv,4,M2,C,2,0.05,5,10.0,202,2.8371672750310064,success,
primary_regional,Brunei Darussalam,rsv,4,M2,D,3,0.03,1,1.0,320,2.781619008858747,success,
primary_regional,Brunei Darussalam,rsv,4,M2,E,3,0.05,1,10.0,850,3.0221251416492003,success,
primary_regional,Brunei Darussalam,rsv,4,M2,F,3,0.05,5,10.0,331,2.8927758659751257,success,
primary_regional,Brunei Darussalam,rsv,4,M3,A,2,0.03,1,1.0,1648,2.500668635686769,success,
primary_regional,Brunei Darussalam,rsv,4,M3,B,2,0.05,1,1.0,169,2.5574058487667233,success,
primary_regional,Brunei Darussalam,rsv,4,M3,C,2,0.05,5,10.0,313,2.884758210330062,success,
primary_regional,Brunei Darussalam,rsv,4,M3,D,3,0.03,1,1.0,810,2.544659180249867,success,
primary_regional,Brunei Darussalam,rsv,4,M3,E,3,0.05,1,10.0,1245,2.8701607237457685,success,
primary_regional,Brunei Darussalam,rsv,4,M3,F,3,0.05,5,10.0,130,2.9514236671306575,success,
primary_regional,Brunei Darussalam,sarscov2,1,M1,A,2,0.03,1,1.0,161,691.099613888182,success,
primary_regional,Brunei Darussalam,sarscov2,1,M1,B,2,0.05,1,1.0,47,711.3636314102885,success,
primary_regional,Brunei Darussalam,sarscov2,1,M1,C,2,0.05,5,10.0,97,697.3874561988549,success,
primary_regional,Brunei Darussalam,sarscov2,1,M1,D,3,0.03,1,1.0,46,730.8732998475035,success,
primary_regional,Brunei Darussalam,sarscov2,1,M1,E,3,0.05,1,10.0,46,676.0244673226753,success,
primary_regional,Brunei Darussalam,sarscov2,1,M1,F,3,0.05,5,10.0,46,674.1248117219712,success,
primary_regional,Brunei Darussalam,sarscov2,1,M2,A,2,0.03,1,1.0,145,813.9568645227047,success,
primary_regional,Brunei Darussalam,sarscov2,1,M2,B,2,0.05,1,1.0,93,810.5188142813145,success,
primary_regional,Brunei Darussalam,sarscov2,1,M2,C,2,0.05,5,10.0,46,726.0766801801976,success,
primary_regional,Brunei Darussalam,sarscov2,1,M2,D,3,0.03,1,1.0,48,751.144865889594,success,
primary_regional,Brunei Darussalam,sarscov2,1,M2,E,3,0.05,1,10.0,83,788.4548424641112,success,
primary_regional,Brunei Darussalam,sarscov2,1,M2,F,3,0.05,5,10.0,36,732.6786597216785,success,
primary_regional,Brunei Darussalam,sarscov2,1,M3,A,2,0.03,1,1.0,154,833.6426987424546,success,
primary_regional,Brunei Darussalam,sarscov2,1,M3,B,2,0.05,1,1.0,36,756.8277292160873,success,
primary_regional,Brunei Darussalam,sarscov2,1,M3,C,2,0.05,5,10.0,67,786.50505494464,success,
primary_regional,Brunei Darussalam,sarscov2,1,M3,D,3,0.03,1,1.0,37,721.1141455904556,success,
primary_regional,Brunei Darussalam,sarscov2,1,M3,E,3,0.05,1,10.0,36,729.5878385778796,success,
primary_regional,Brunei Darussalam,sarscov2,1,M3,F,3,0.05,5,10.0,36,737.7136699775542,success,
primary_regional,Brunei Darussalam,sarscov2,2,M1,A,2,0.03,1,1.0,70,823.9738012673141,success,
primary_regional,Brunei Darussalam,sarscov2,2,M1,B,2,0.05,1,1.0,43,826.0374762224484,success,
primary_regional,Brunei Darussalam,sarscov2,2,M1,C,2,0.05,5,10.0,34,806.905850619924,success,
primary_regional,Brunei Darussalam,sarscov2,2,M1,D,3,0.03,1,1.0,38,881.0239492953252,success,
primary_regional,Brunei Darussalam,sarscov2,2,M1,E,3,0.05,1,10.0,34,829.0840490136011,success,
primary_regional,Brunei Darussalam,sarscov2,2,M1,F,3,0.05,5,10.0,41,810.854263976671,success,
primary_regional,Brunei Darussalam,sarscov2,2,M2,A,2,0.03,1,1.0,8,930.6762368486357,success,
primary_regional,Brunei Darussalam,sarscov2,2,M2,B,2,0.05,1,1.0,8,915.6446875580502,success,
primary_regional,Brunei Darussalam,sarscov2,2,M2,C,2,0.05,5,10.0,12,901.4714062775848,success,
primary_regional,Brunei Darussalam,sarscov2,2,M2,D,3,0.03,1,1.0,12,912.0169179911549,success,
primary_regional,Brunei Darussalam,sarscov2,2,M2,E,3,0.05,1,10.0,12,884.0058343394268,success,
primary_regional,Brunei Darussalam,sarscov2,2,M2,F,3,0.05,5,10.0,12,901.6853894732653,success,
primary_regional,Brunei Darussalam,sarscov2,2,M3,A,2,0.03,1,1.0,20,902.9999392639055,success,
primary_regional,Brunei Darussalam,sarscov2,2,M3,B,2,0.05,1,1.0,7,925.0249734853501,success,
primary_regional,Brunei Darussalam,sarscov2,2,M3,C,2,0.05,5,10.0,12,902.4385257299093,success,
primary_regional,Brunei Darussalam,sarscov2,2,M3,D,3,0.03,1,1.0,34,873.6745759205187,success,
primary_regional,Brunei Darussalam,sarscov2,2,M3,E,3,0.05,1,10.0,7,918.5186016564653,success,
primary_regional,Brunei Darussalam,sarscov2,2,M3,F,3,0.05,5,10.0,8,914.6208583051672,success,
primary_regional,Brunei Darussalam,sarscov2,4,M1,A,2,0.03,1,1.0,8,924.9602317529257,success,
primary_regional,Brunei Darussalam,sarscov2,4,M1,B,2,0.05,1,1.0,8,912.8267147850923,success,
primary_regional,Brunei Darussalam,sarscov2,4,M1,C,2,0.05,5,10.0,8,915.0828488897126,success,
primary_regional,Brunei Darussalam,sarscov2,4,M1,D,3,0.03,1,1.0,8,932.6857453239669,success,
primary_regional,Brunei Darussalam,sarscov2,4,M1,E,3,0.05,1,10.0,8,928.2857042535973,success,
primary_regional,Brunei Darussalam,sarscov2,4,M1,F,3,0.05,5,10.0,8,927.5006977296792,success,
primary_regional,Brunei Darussalam,sarscov2,4,M2,A,2,0.03,1,1.0,8,932.8053432629385,success,
primary_regional,Brunei Darussalam,sarscov2,4,M2,B,2,0.05,1,1.0,1,942.7577528795687,success,
primary_regional,Brunei Darussalam,sarscov2,4,M2,C,2,0.05,5,10.0,1,942.8416489303412,success,
primary_regional,Brunei Darussalam,sarscov2,4,M2,D,3,0.03,1,1.0,12,894.7633517393058,success,
primary_regional,Brunei Darussalam,sarscov2,4,M2,E,3,0.05,1,10.0,5,931.2573133314728,success,
primary_regional,Brunei Darussalam,sarscov2,4,M2,F,3,0.05,5,10.0,5,934.6295449623921,success,
primary_regional,Brunei Darussalam,sarscov2,4,M3,A,2,0.03,1,1.0,1,943.2837096970995,success,
primary_regional,Brunei Darussalam,sarscov2,4,M3,B,2,0.05,1,1.0,1,942.7577528795687,success,
primary_regional,Brunei Darussalam,sarscov2,4,M3,C,2,0.05,5,10.0,1,943.0869723848926,success,
primary_regional,Brunei Darussalam,sarscov2,4,M3,D,3,0.03,1,1.0,7,921.6202325892294,success,
primary_regional,Brunei Darussalam,sarscov2,4,M3,E,3,0.05,1,10.0,4,943.065585538033,success,
primary_regional,Brunei Darussalam,sarscov2,4,M3,F,3,0.05,5,10.0,4,945.010002889542,success,
primary_regional,Indonesia,influenza,1,M1,A,2,0.03,1,1.0,150,3.4898470165258786,success,
primary_regional,Indonesia,influenza,1,M1,B,2,0.05,1,1.0,96,3.4746166015143185,success,
primary_regional,Indonesia,influenza,1,M1,C,2,0.05,5,10.0,123,3.438938960194809,success,
primary_regional,Indonesia,influenza,1,M1,D,3,0.03,1,1.0,95,3.6491545180515583,success,
primary_regional,Indonesia,influenza,1,M1,E,3,0.05,1,10.0,96,3.478595964860126,success,
primary_regional,Indonesia,influenza,1,M1,F,3,0.05,5,10.0,95,3.47353645295461,success,
primary_regional,Indonesia,influenza,1,M2,A,2,0.03,1,1.0,126,3.6280197872906776,success,
primary_regional,Indonesia,influenza,1,M2,B,2,0.05,1,1.0,80,3.640355355239045,success,
primary_regional,Indonesia,influenza,1,M2,C,2,0.05,5,10.0,122,3.541855420739802,success,
primary_regional,Indonesia,influenza,1,M2,D,3,0.03,1,1.0,94,3.713942382522034,success,
primary_regional,Indonesia,influenza,1,M2,E,3,0.05,1,10.0,82,3.825959107811989,success,
primary_regional,Indonesia,influenza,1,M2,F,3,0.05,5,10.0,124,3.6708264412923692,success,
primary_regional,Indonesia,influenza,1,M3,A,2,0.03,1,1.0,180,3.5416910715493737,success,
primary_regional,Indonesia,influenza,1,M3,B,2,0.05,1,1.0,83,3.5188205816308713,success,
primary_regional,Indonesia,influenza,1,M3,C,2,0.05,5,10.0,106,3.497569152500022,success,
primary_regional,Indonesia,influenza,1,M3,D,3,0.03,1,1.0,190,3.390281860626653,success,
primary_regional,Indonesia,influenza,1,M3,E,3,0.05,1,10.0,88,3.868560860205462,success,
primary_regional,Indonesia,influenza,1,M3,F,3,0.05,5,10.0,99,3.510240909797141,success,
primary_regional,Indonesia,influenza,2,M1,A,2,0.03,1,1.0,150,4.133432302853052,success,
primary_regional,Indonesia,influenza,2,M1,B,2,0.05,1,1.0,79,4.037043299981936,success,
primary_regional,Indonesia,influenza,2,M1,C,2,0.05,5,10.0,121,4.016883295853169,success,
primary_regional,Indonesia,influenza,2,M1,D,3,0.03,1,1.0,112,4.05556824986466,success,
primary_regional,Indonesia,influenza,2,M1,E,3,0.05,1,10.0,79,4.045442849818922,success,
primary_regional,Indonesia,influenza,2,M1,F,3,0.05,5,10.0,121,4.044004376639222,success,
primary_regional,Indonesia,influenza,2,M2,A,2,0.03,1,1.0,143,3.9950246343930904,success,
primary_regional,Indonesia,influenza,2,M2,B,2,0.05,1,1.0,91,4.07023098012652,success,
primary_regional,Indonesia,influenza,2,M2,C,2,0.05,5,10.0,168,3.9090433194724983,success,
primary_regional,Indonesia,influenza,2,M2,D,3,0.03,1,1.0,97,4.041625639599585,success,
primary_regional,Indonesia,influenza,2,M2,E,3,0.05,1,10.0,117,3.9750249507811186,success,
primary_regional,Indonesia,influenza,2,M2,F,3,0.05,5,10.0,105,3.984521164468902,success,
primary_regional,Indonesia,influenza,2,M3,A,2,0.03,1,1.0,150,3.639044434518387,success,
primary_regional,Indonesia,influenza,2,M3,B,2,0.05,1,1.0,106,3.6845053594769275,success,
primary_regional,Indonesia,influenza,2,M3,C,2,0.05,5,10.0,189,3.730067498336671,success,
primary_regional,Indonesia,influenza,2,M3,D,3,0.03,1,1.0,134,3.8497019371215626,success,
primary_regional,Indonesia,influenza,2,M3,E,3,0.05,1,10.0,105,3.8969217622199563,success,
primary_regional,Indonesia,influenza,2,M3,F,3,0.05,5,10.0,106,3.6847709198778578,success,
primary_regional,Indonesia,influenza,4,M1,A,2,0.03,1,1.0,119,4.870818651430245,success,
primary_regional,Indonesia,influenza,4,M1,B,2,0.05,1,1.0,111,4.834249793197118,success,
primary_regional,Indonesia,influenza,4,M1,C,2,0.05,5,10.0,113,4.836481233446771,success,
primary_regional,Indonesia,influenza,4,M1,D,3,0.03,1,1.0,111,4.7354397623973075,success,
primary_regional,Indonesia,influenza,4,M1,E,3,0.05,1,10.0,59,4.8077531617593525,success,
primary_regional,Indonesia,influenza,4,M1,F,3,0.05,5,10.0,56,4.869363579051877,success,
primary_regional,Indonesia,influenza,4,M2,A,2,0.03,1,1.0,198,4.422766699241899,success,
primary_regional,Indonesia,influenza,4,M2,B,2,0.05,1,1.0,111,4.427495343781268,success,
primary_regional,Indonesia,influenza,4,M2,C,2,0.05,5,10.0,187,4.5262316644445315,success,
primary_regional,Indonesia,influenza,4,M2,D,3,0.03,1,1.0,119,4.46375860649645,success,
primary_regional,Indonesia,influenza,4,M2,E,3,0.05,1,10.0,56,4.5508300057800355,success,
primary_regional,Indonesia,influenza,4,M2,F,3,0.05,5,10.0,56,4.603369309321573,success,
primary_regional,Indonesia,influenza,4,M3,A,2,0.03,1,1.0,257,4.321578412682957,success,
primary_regional,Indonesia,influenza,4,M3,B,2,0.05,1,1.0,148,4.212129832357066,success,
primary_regional,Indonesia,influenza,4,M3,C,2,0.05,5,10.0,257,4.493280004279698,success,
primary_regional,Indonesia,influenza,4,M3,D,3,0.03,1,1.0,181,4.367731488170551,success,
primary_regional,Indonesia,influenza,4,M3,E,3,0.05,1,10.0,166,4.401652417165662,success,
primary_regional,Indonesia,influenza,4,M3,F,3,0.05,5,10.0,119,4.392843343353414,success,
primary_regional,Indonesia,rsv,1,M1,A,2,0.03,1,1.0,1,0.0,success,
primary_regional,Indonesia,rsv,1,M1,B,2,0.05,1,1.0,1,0.0,success,
primary_regional,Indonesia,rsv,1,M1,C,2,0.05,5,10.0,1,0.0,success,
primary_regional,Indonesia,rsv,1,M1,D,3,0.03,1,1.0,1,0.0,success,
primary_regional,Indonesia,rsv,1,M1,E,3,0.05,1,10.0,1,0.0,success,
primary_regional,Indonesia,rsv,1,M1,F,3,0.05,5,10.0,1,0.0,success,
primary_regional,Indonesia,rsv,1,M2,A,2,0.03,1,1.0,1,0.0,success,
primary_regional,Indonesia,rsv,1,M2,B,2,0.05,1,1.0,1,0.0,success,
primary_regional,Indonesia,rsv,1,M2,C,2,0.05,5,10.0,1,0.0,success,
primary_regional,Indonesia,rsv,1,M2,D,3,0.03,1,1.0,1,0.0,success,
primary_regional,Indonesia,rsv,1,M2,E,3,0.05,1,10.0,1,0.0,success,
primary_regional,Indonesia,rsv,1,M2,F,3,0.05,5,10.0,1,0.0,success,
primary_regional,Indonesia,rsv,1,M3,A,2,0.03,1,1.0,1,0.0,success,
primary_regional,Indonesia,rsv,1,M3,B,2,0.05,1,1.0,1,0.0,success,
primary_regional,Indonesia,rsv,1,M3,C,2,0.05,5,10.0,1,0.0,success,
primary_regional,Indonesia,rsv,1,M3,D,3,0.03,1,1.0,1,0.0,success,
primary_regional,Indonesia,rsv,1,M3,E,3,0.05,1,10.0,1,0.0,success,
primary_regional,Indonesia,rsv,1,M3,F,3,0.05,5,10.0,1,0.0,success,
primary_regional,Indonesia,rsv,2,M1,A,2,0.03,1,1.0,1,0.0,success,
primary_regional,Indonesia,rsv,2,M1,B,2,0.05,1,1.0,1,0.0,success,
primary_regional,Indonesia,rsv,2,M1,C,2,0.05,5,10.0,1,0.0,success,
primary_regional,Indonesia,rsv,2,M1,D,3,0.03,1,1.0,1,0.0,success,
primary_regional,Indonesia,rsv,2,M1,E,3,0.05,1,10.0,1,0.0,success,
primary_regional,Indonesia,rsv,2,M1,F,3,0.05,5,10.0,1,0.0,success,
primary_regional,Indonesia,rsv,2,M2,A,2,0.03,1,1.0,1,0.0,success,
primary_regional,Indonesia,rsv,2,M2,B,2,0.05,1,1.0,1,0.0,success,
primary_regional,Indonesia,rsv,2,M2,C,2,0.05,5,10.0,1,0.0,success,
primary_regional,Indonesia,rsv,2,M2,D,3,0.03,1,1.0,1,0.0,success,
primary_regional,Indonesia,rsv,2,M2,E,3,0.05,1,10.0,1,0.0,success,
primary_regional,Indonesia,rsv,2,M2,F,3,0.05,5,10.0,1,0.0,success,
primary_regional,Indonesia,rsv,2,M3,A,2,0.03,1,1.0,1,0.0,success,
primary_regional,Indonesia,rsv,2,M3,B,2,0.05,1,1.0,1,0.0,success,
primary_regional,Indonesia,rsv,2,M3,C,2,0.05,5,10.0,1,0.0,success,
primary_regional,Indonesia,rsv,2,M3,D,3,0.03,1,1.0,1,0.0,success,
primary_regional,Indonesia,rsv,2,M3,E,3,0.05,1,10.0,1,0.0,success,
primary_regional,Indonesia,rsv,2,M3,F,3,0.05,5,10.0,1,0.0,success,
primary_regional,Indonesia,rsv,4,M1,A,2,0.03,1,1.0,1,0.0,success,
primary_regional,Indonesia,rsv,4,M1,B,2,0.05,1,1.0,1,0.0,success,
primary_regional,Indonesia,rsv,4,M1,C,2,0.05,5,10.0,1,0.0,success,
primary_regional,Indonesia,rsv,4,M1,D,3,0.03,1,1.0,1,0.0,success,
primary_regional,Indonesia,rsv,4,M1,E,3,0.05,1,10.0,1,0.0,success,
primary_regional,Indonesia,rsv,4,M1,F,3,0.05,5,10.0,1,0.0,success,
primary_regional,Indonesia,rsv,4,M2,A,2,0.03,1,1.0,1,0.0,success,
primary_regional,Indonesia,rsv,4,M2,B,2,0.05,1,1.0,1,0.0,success,
primary_regional,Indonesia,rsv,4,M2,C,2,0.05,5,10.0,1,0.0,success,
primary_regional,Indonesia,rsv,4,M2,D,3,0.03,1,1.0,1,0.0,success,
primary_regional,Indonesia,rsv,4,M2,E,3,0.05,1,10.0,1,0.0,success,
primary_regional,Indonesia,rsv,4,M2,F,3,0.05,5,10.0,1,0.0,success,
primary_regional,Indonesia,rsv,4,M3,A,2,0.03,1,1.0,1,0.0,success,
primary_regional,Indonesia,rsv,4,M3,B,2,0.05,1,1.0,1,0.0,success,
primary_regional,Indonesia,rsv,4,M3,C,2,0.05,5,10.0,1,0.0,success,
primary_regional,Indonesia,rsv,4,M3,D,3,0.03,1,1.0,1,0.0,success,
primary_regional,Indonesia,rsv,4,M3,E,3,0.05,1,10.0,1,0.0,success,
primary_regional,Indonesia,rsv,4,M3,F,3,0.05,5,10.0,1,0.0,success,
primary_regional,Indonesia,sarscov2,1,M1,A,2,0.03,1,1.0,840,1669.6333828390575,success,
primary_regional,Indonesia,sarscov2,1,M1,B,2,0.05,1,1.0,343,1619.1866595624988,success,
primary_regional,Indonesia,sarscov2,1,M1,C,2,0.05,5,10.0,510,1584.643982536686,success,
primary_regional,Indonesia,sarscov2,1,M1,D,3,0.03,1,1.0,605,1738.8633341779437,success,
primary_regional,Indonesia,sarscov2,1,M1,E,3,0.05,1,10.0,554,1847.3836923908518,success,
primary_regional,Indonesia,sarscov2,1,M1,F,3,0.05,5,10.0,510,1835.393542660112,success,
primary_regional,Indonesia,sarscov2,1,M2,A,2,0.03,1,1.0,1996,1551.594181974357,success,
primary_regional,Indonesia,sarscov2,1,M2,B,2,0.05,1,1.0,2000,1660.535875924685,success,
primary_regional,Indonesia,sarscov2,1,M2,C,2,0.05,5,10.0,1961,2561.730611843082,success,
primary_regional,Indonesia,sarscov2,1,M2,D,3,0.03,1,1.0,1995,1500.2952975978403,success,
primary_regional,Indonesia,sarscov2,1,M2,E,3,0.05,1,10.0,1504,1659.5486281682931,success,
primary_regional,Indonesia,sarscov2,1,M2,F,3,0.05,5,10.0,1961,2422.2369030329246,success,
primary_regional,Indonesia,sarscov2,1,M3,A,2,0.03,1,1.0,1156,1760.878275947664,success,
primary_regional,Indonesia,sarscov2,1,M3,B,2,0.05,1,1.0,92,1930.1774136434328,success,
primary_regional,Indonesia,sarscov2,1,M3,C,2,0.05,5,10.0,2000,2661.4354363014227,success,
primary_regional,Indonesia,sarscov2,1,M3,D,3,0.03,1,1.0,219,1650.8249466295626,success,
primary_regional,Indonesia,sarscov2,1,M3,E,3,0.05,1,10.0,1499,2031.4087285017458,success,
primary_regional,Indonesia,sarscov2,1,M3,F,3,0.05,5,10.0,1966,2760.691363324018,success,
primary_regional,Indonesia,sarscov2,2,M1,A,2,0.03,1,1.0,718,3460.781703478815,success,
primary_regional,Indonesia,sarscov2,2,M1,B,2,0.05,1,1.0,346,3429.0848251343155,success,
primary_regional,Indonesia,sarscov2,2,M1,C,2,0.05,5,10.0,718,3863.1711297697425,success,
primary_regional,Indonesia,sarscov2,2,M1,D,3,0.03,1,1.0,501,3515.4002518707002,success,
primary_regional,Indonesia,sarscov2,2,M1,E,3,0.05,1,10.0,615,4124.267043099464,success,
primary_regional,Indonesia,sarscov2,2,M1,F,3,0.05,5,10.0,510,4228.490702119693,success,
primary_regional,Indonesia,sarscov2,2,M2,A,2,0.03,1,1.0,1999,2840.8212501832368,success,
primary_regional,Indonesia,sarscov2,2,M2,B,2,0.05,1,1.0,1996,2755.4565877854347,success,
primary_regional,Indonesia,sarscov2,2,M2,C,2,0.05,5,10.0,1971,2778.78969785251,success,
primary_regional,Indonesia,sarscov2,2,M2,D,3,0.03,1,1.0,1179,3345.5738673773394,success,
primary_regional,Indonesia,sarscov2,2,M2,E,3,0.05,1,10.0,1992,3530.120517012765,success,
primary_regional,Indonesia,sarscov2,2,M2,F,3,0.05,5,10.0,1970,3159.5749998857073,success,
primary_regional,Indonesia,sarscov2,2,M3,A,2,0.03,1,1.0,137,3104.329209178215,success,
primary_regional,Indonesia,sarscov2,2,M3,B,2,0.05,1,1.0,93,3145.0867077888292,success,
primary_regional,Indonesia,sarscov2,2,M3,C,2,0.05,5,10.0,105,3837.8323282491574,success,
primary_regional,Indonesia,sarscov2,2,M3,D,3,0.03,1,1.0,113,4177.257347546511,success,
primary_regional,Indonesia,sarscov2,2,M3,E,3,0.05,1,10.0,231,5095.707378965871,success,
primary_regional,Indonesia,sarscov2,2,M3,F,3,0.05,5,10.0,139,5160.075779489126,success,
primary_regional,Indonesia,sarscov2,4,M1,A,2,0.03,1,1.0,1229,14897.015548900177,success,
primary_regional,Indonesia,sarscov2,4,M1,B,2,0.05,1,1.0,592,14886.1258892435,success,
primary_regional,Indonesia,sarscov2,4,M1,C,2,0.05,5,10.0,1196,15852.976176378172,success,
primary_regional,Indonesia,sarscov2,4,M1,D,3,0.03,1,1.0,364,14926.154914701521,success,
primary_regional,Indonesia,sarscov2,4,M1,E,3,0.05,1,10.0,850,17145.728353700335,success,
primary_regional,Indonesia,sarscov2,4,M1,F,3,0.05,5,10.0,718,17404.6523333063,success,
primary_regional,Indonesia,sarscov2,4,M2,A,2,0.03,1,1.0,148,7583.967591485696,success,
primary_regional,Indonesia,sarscov2,4,M2,B,2,0.05,1,1.0,92,7709.096166718444,success,
primary_regional,Indonesia,sarscov2,4,M2,C,2,0.05,5,10.0,113,7770.6941032548575,success,
primary_regional,Indonesia,sarscov2,4,M2,D,3,0.03,1,1.0,101,8078.6172901428845,success,
primary_regional,Indonesia,sarscov2,4,M2,E,3,0.05,1,10.0,81,8074.127660650846,success,
primary_regional,Indonesia,sarscov2,4,M2,F,3,0.05,5,10.0,67,8124.597697653343,success,
primary_regional,Indonesia,sarscov2,4,M3,A,2,0.03,1,1.0,102,8131.998153394591,success,
primary_regional,Indonesia,sarscov2,4,M3,B,2,0.05,1,1.0,135,8296.512662866373,success,
primary_regional,Indonesia,sarscov2,4,M3,C,2,0.05,5,10.0,94,8143.862342304612,success,
primary_regional,Indonesia,sarscov2,4,M3,D,3,0.03,1,1.0,94,9075.601500592198,success,
primary_regional,Indonesia,sarscov2,4,M3,E,3,0.05,1,10.0,94,8383.656548128582,success,
primary_regional,Indonesia,sarscov2,4,M3,F,3,0.05,5,10.0,94,8095.6608095551965,success,
primary_regional,Malaysia,influenza,1,M1,A,2,0.03,1,1.0,630,28.461881705911672,success,
primary_regional,Malaysia,influenza,1,M1,B,2,0.05,1,1.0,298,31.056094854119415,success,
primary_regional,Malaysia,influenza,1,M1,C,2,0.05,5,10.0,428,28.104807694053946,success,
primary_regional,Malaysia,influenza,1,M1,D,3,0.03,1,1.0,257,35.944206303054834,success,
primary_regional,Malaysia,influenza,1,M1,E,3,0.05,1,10.0,247,30.575390916123943,success,
primary_regional,Malaysia,influenza,1,M1,F,3,0.05,5,10.0,256,31.413173944235876,success,
primary_regional,Malaysia,influenza,1,M2,A,2,0.03,1,1.0,130,69.02910774288168,success,
primary_regional,Malaysia,influenza,1,M2,B,2,0.05,1,1.0,74,66.73778518602343,success,
primary_regional,Malaysia,influenza,1,M2,C,2,0.05,5,10.0,127,64.99509365471489,success,
primary_regional,Malaysia,influenza,1,M2,D,3,0.03,1,1.0,123,74.59787457806812,success,
primary_regional,Malaysia,influenza,1,M2,E,3,0.05,1,10.0,108,72.94034688963572,success,
primary_regional,Malaysia,influenza,1,M2,F,3,0.05,5,10.0,127,70.56481248286032,success,
primary_regional,Malaysia,influenza,1,M3,A,2,0.03,1,1.0,145,57.767476937445586,success,
primary_regional,Malaysia,influenza,1,M3,B,2,0.05,1,1.0,100,55.28424419182011,success,
primary_regional,Malaysia,influenza,1,M3,C,2,0.05,5,10.0,145,59.07146547051323,success,
primary_regional,Malaysia,influenza,1,M3,D,3,0.03,1,1.0,158,62.14693235718448,success,
primary_regional,Malaysia,influenza,1,M3,E,3,0.05,1,10.0,126,66.1473019351444,success,
primary_regional,Malaysia,influenza,1,M3,F,3,0.05,5,10.0,150,63.2743457010656,success,
primary_regional,Malaysia,influenza,2,M1,A,2,0.03,1,1.0,751,34.16869322211793,success,
primary_regional,Malaysia,influenza,2,M1,B,2,0.05,1,1.0,567,30.83150973428282,success,
primary_regional,Malaysia,influenza,2,M1,C,2,0.05,5,10.0,619,29.207657103590044,success,
primary_regional,Malaysia,influenza,2,M1,D,3,0.03,1,1.0,439,33.76905494232281,success,
primary_regional,Malaysia,influenza,2,M1,E,3,0.05,1,10.0,270,34.98489789161061,success,
primary_regional,Malaysia,influenza,2,M1,F,3,0.05,5,10.0,265,34.849625226200686,success,
primary_regional,Malaysia,influenza,2,M2,A,2,0.03,1,1.0,142,73.79887713462276,success,
primary_regional,Malaysia,influenza,2,M2,B,2,0.05,1,1.0,88,71.31834359681801,success,
primary_regional,Malaysia,influenza,2,M2,C,2,0.05,5,10.0,109,73.66901813195699,success,
primary_regional,Malaysia,influenza,2,M2,D,3,0.03,1,1.0,1985,77.91385767749021,success,
primary_regional,Malaysia,influenza,2,M2,E,3,0.05,1,10.0,169,77.55958529430174,success,
primary_regional,Malaysia,influenza,2,M2,F,3,0.05,5,10.0,145,76.07345191111364,success,
primary_regional,Malaysia,influenza,2,M3,A,2,0.03,1,1.0,142,67.26022067258903,success,
primary_regional,Malaysia,influenza,2,M3,B,2,0.05,1,1.0,91,69.1515552515472,success,
primary_regional,Malaysia,influenza,2,M3,C,2,0.05,5,10.0,122,70.4857692330277,success,
primary_regional,Malaysia,influenza,2,M3,D,3,0.03,1,1.0,168,66.00365259857493,success,
primary_regional,Malaysia,influenza,2,M3,E,3,0.05,1,10.0,105,77.79797519505507,success,
primary_regional,Malaysia,influenza,2,M3,F,3,0.05,5,10.0,123,77.49143301010962,success,
primary_regional,Malaysia,influenza,4,M1,A,2,0.03,1,1.0,411,45.141997847463145,success,
primary_regional,Malaysia,influenza,4,M1,B,2,0.05,1,1.0,439,38.82297381326703,success,
primary_regional,Malaysia,influenza,4,M1,C,2,0.05,5,10.0,456,38.17652750487421,success,
primary_regional,Malaysia,influenza,4,M1,D,3,0.03,1,1.0,169,51.979257578468314,success,
primary_regional,Malaysia,influenza,4,M1,E,3,0.05,1,10.0,474,44.684610228229865,success,
primary_regional,Malaysia,influenza,4,M1,F,3,0.05,5,10.0,156,50.11398062476872,success,
primary_regional,Malaysia,influenza,4,M2,A,2,0.03,1,1.0,121,79.26776201107229,success,
primary_regional,Malaysia,influenza,4,M2,B,2,0.05,1,1.0,93,75.97315386755369,success,
primary_regional,Malaysia,influenza,4,M2,C,2,0.05,5,10.0,91,82.76566838177301,success,
primary_regional,Malaysia,influenza,4,M2,D,3,0.03,1,1.0,130,79.54862829318702,success,
primary_regional,Malaysia,influenza,4,M2,E,3,0.05,1,10.0,111,80.69447579057318,success,
primary_regional,Malaysia,influenza,4,M2,F,3,0.05,5,10.0,129,79.32351093864472,success,
primary_regional,Malaysia,influenza,4,M3,A,2,0.03,1,1.0,117,83.51772770266014,success,
primary_regional,Malaysia,influenza,4,M3,B,2,0.05,1,1.0,92,80.70682977546646,success,
primary_regional,Malaysia,influenza,4,M3,C,2,0.05,5,10.0,100,82.44236518630045,success,
primary_regional,Malaysia,influenza,4,M3,D,3,0.03,1,1.0,157,78.93055387197994,success,
primary_regional,Malaysia,influenza,4,M3,E,3,0.05,1,10.0,117,83.24503581236216,success,
primary_regional,Malaysia,influenza,4,M3,F,3,0.05,5,10.0,117,78.84567897501262,success,
primary_regional,Malaysia,rsv,1,M1,A,2,0.03,1,1.0,132,3.977958195945206,success,
primary_regional,Malaysia,rsv,1,M1,B,2,0.05,1,1.0,78,3.9319983369285585,success,
primary_regional,Malaysia,rsv,1,M1,C,2,0.05,5,10.0,172,3.912386154528213,success,
primary_regional,Malaysia,rsv,1,M1,D,3,0.03,1,1.0,112,4.195448063687591,success,
primary_regional,Malaysia,rsv,1,M1,E,3,0.05,1,10.0,110,4.203722684402795,success,
primary_regional,Malaysia,rsv,1,M1,F,3,0.05,5,10.0,101,4.064213497203596,success,
primary_regional,Malaysia,rsv,1,M2,A,2,0.03,1,1.0,144,3.7488586318301427,success,
primary_regional,Malaysia,rsv,1,M2,B,2,0.05,1,1.0,85,3.8669761894756554,success,
primary_regional,Malaysia,rsv,1,M2,C,2,0.05,5,10.0,136,3.9043505277158777,success,
primary_regional,Malaysia,rsv,1,M2,D,3,0.03,1,1.0,140,4.259985822566989,success,
primary_regional,Malaysia,rsv,1,M2,E,3,0.05,1,10.0,110,4.261829358527782,success,
primary_regional,Malaysia,rsv,1,M2,F,3,0.05,5,10.0,105,4.194671219631074,success,
primary_regional,Malaysia,rsv,1,M3,A,2,0.03,1,1.0,132,5.111666152230134,success,
primary_regional,Malaysia,rsv,1,M3,B,2,0.05,1,1.0,59,5.056816525582809,success,
primary_regional,Malaysia,rsv,1,M3,C,2,0.05,5,10.0,80,5.282645159029423,success,
primary_regional,Malaysia,rsv,1,M3,D,3,0.03,1,1.0,110,4.704839467502235,success,
primary_regional,Malaysia,rsv,1,M3,E,3,0.05,1,10.0,100,4.747545914527297,success,
primary_regional,Malaysia,rsv,1,M3,F,3,0.05,5,10.0,102,5.07824350476742,success,
primary_regional,Malaysia,rsv,2,M1,A,2,0.03,1,1.0,132,4.314852217754436,success,
primary_regional,Malaysia,rsv,2,M1,B,2,0.05,1,1.0,81,4.372008415109889,success,
primary_regional,Malaysia,rsv,2,M1,C,2,0.05,5,10.0,149,4.290712536310476,success,
primary_regional,Malaysia,rsv,2,M1,D,3,0.03,1,1.0,149,4.435270533760809,success,
primary_regional,Malaysia,rsv,2,M1,E,3,0.05,1,10.0,102,4.173682233841908,success,
primary_regional,Malaysia,rsv,2,M1,F,3,0.05,5,10.0,99,4.382773303994033,success,
primary_regional,Malaysia,rsv,2,M2,A,2,0.03,1,1.0,159,4.228393185710417,success,
primary_regional,Malaysia,rsv,2,M2,B,2,0.05,1,1.0,102,3.9592073510337746,success,
primary_regional,Malaysia,rsv,2,M2,C,2,0.05,5,10.0,129,4.175740237185024,success,
primary_regional,Malaysia,rsv,2,M2,D,3,0.03,1,1.0,149,4.525693879180322,success,
primary_regional,Malaysia,rsv,2,M2,E,3,0.05,1,10.0,120,4.758916837081498,success,
primary_regional,Malaysia,rsv,2,M2,F,3,0.05,5,10.0,126,4.7853416917256535,success,
primary_regional,Malaysia,rsv,2,M3,A,2,0.03,1,1.0,83,6.152328264087182,success,
primary_regional,Malaysia,rsv,2,M3,B,2,0.05,1,1.0,44,6.674109312659448,success,
primary_regional,Malaysia,rsv,2,M3,C,2,0.05,5,10.0,70,6.808445983242975,success,
primary_regional,Malaysia,rsv,2,M3,D,3,0.03,1,1.0,103,5.816380639532349,success,
primary_regional,Malaysia,rsv,2,M3,E,3,0.05,1,10.0,86,6.087800066248377,success,
primary_regional,Malaysia,rsv,2,M3,F,3,0.05,5,10.0,94,6.400158092886613,success,
primary_regional,Malaysia,rsv,4,M1,A,2,0.03,1,1.0,169,5.142319855007135,success,
primary_regional,Malaysia,rsv,4,M1,B,2,0.05,1,1.0,134,4.985280862966892,success,
primary_regional,Malaysia,rsv,4,M1,C,2,0.05,5,10.0,170,4.92059898945146,success,
primary_regional,Malaysia,rsv,4,M1,D,3,0.03,1,1.0,140,5.082105407108819,success,
primary_regional,Malaysia,rsv,4,M1,E,3,0.05,1,10.0,139,5.07138577849249,success,
primary_regional,Malaysia,rsv,4,M1,F,3,0.05,5,10.0,141,4.90078438490057,success,
primary_regional,Malaysia,rsv,4,M2,A,2,0.03,1,1.0,145,4.71414165220025,success,
primary_regional,Malaysia,rsv,4,M2,B,2,0.05,1,1.0,104,4.755705389888396,success,
primary_regional,Malaysia,rsv,4,M2,C,2,0.05,5,10.0,128,4.733984602416074,success,
primary_regional,Malaysia,rsv,4,M2,D,3,0.03,1,1.0,165,5.044577887626531,success,
primary_regional,Malaysia,rsv,4,M2,E,3,0.05,1,10.0,124,5.444931479127527,success,
primary_regional,Malaysia,rsv,4,M2,F,3,0.05,5,10.0,129,5.24203933291786,success,
primary_regional,Malaysia,rsv,4,M3,A,2,0.03,1,1.0,85,6.815197537532318,success,
primary_regional,Malaysia,rsv,4,M3,B,2,0.05,1,1.0,74,6.461053450943863,success,
primary_regional,Malaysia,rsv,4,M3,C,2,0.05,5,10.0,86,7.1593745803211934,success,
primary_regional,Malaysia,rsv,4,M3,D,3,0.03,1,1.0,100,6.91865339798509,success,
primary_regional,Malaysia,rsv,4,M3,E,3,0.05,1,10.0,73,7.05541774525963,success,
primary_regional,Malaysia,rsv,4,M3,F,3,0.05,5,10.0,78,7.029171350270407,success,
primary_regional,Malaysia,sarscov2,1,M1,A,2,0.03,1,1.0,95,3221.667098800264,success,
primary_regional,Malaysia,sarscov2,1,M1,B,2,0.05,1,1.0,54,3055.0754510823945,success,
primary_regional,Malaysia,sarscov2,1,M1,C,2,0.05,5,10.0,95,3155.637676618754,success,
primary_regional,Malaysia,sarscov2,1,M1,D,3,0.03,1,1.0,135,3127.032327325051,success,
primary_regional,Malaysia,sarscov2,1,M1,E,3,0.05,1,10.0,159,3461.6433165064427,success,
primary_regional,Malaysia,sarscov2,1,M1,F,3,0.05,5,10.0,133,3211.6168760529713,success,
primary_regional,Malaysia,sarscov2,1,M2,A,2,0.03,1,1.0,170,2764.8677453710866,success,
primary_regional,Malaysia,sarscov2,1,M2,B,2,0.05,1,1.0,88,2762.102929741898,success,
primary_regional,Malaysia,sarscov2,1,M2,C,2,0.05,5,10.0,170,2675.3319572022806,success,
primary_regional,Malaysia,sarscov2,1,M2,D,3,0.03,1,1.0,136,2693.2840373434647,success,
primary_regional,Malaysia,sarscov2,1,M2,E,3,0.05,1,10.0,267,3129.63584111253,success,
primary_regional,Malaysia,sarscov2,1,M2,F,3,0.05,5,10.0,170,2925.8160930825034,success,
primary_regional,Malaysia,sarscov2,1,M3,A,2,0.03,1,1.0,249,2925.331024314339,success,
primary_regional,Malaysia,sarscov2,1,M3,B,2,0.05,1,1.0,152,2756.131512100634,success,
primary_regional,Malaysia,sarscov2,1,M3,C,2,0.05,5,10.0,256,2908.054138276607,success,
primary_regional,Malaysia,sarscov2,1,M3,D,3,0.03,1,1.0,160,2557.895801979671,success,
primary_regional,Malaysia,sarscov2,1,M3,E,3,0.05,1,10.0,246,3395.4003176527203,success,
primary_regional,Malaysia,sarscov2,1,M3,F,3,0.05,5,10.0,758,2997.545198496577,success,
primary_regional,Malaysia,sarscov2,2,M1,A,2,0.03,1,1.0,99,4080.102097759168,success,
primary_regional,Malaysia,sarscov2,2,M1,B,2,0.05,1,1.0,45,4006.8556880670003,success,
primary_regional,Malaysia,sarscov2,2,M1,C,2,0.05,5,10.0,129,3921.478045033218,success,
primary_regional,Malaysia,sarscov2,2,M1,D,3,0.03,1,1.0,122,4247.8590145437465,success,
primary_regional,Malaysia,sarscov2,2,M1,E,3,0.05,1,10.0,152,4519.4237022453435,success,
primary_regional,Malaysia,sarscov2,2,M1,F,3,0.05,5,10.0,63,4052.681448086626,success,
primary_regional,Malaysia,sarscov2,2,M2,A,2,0.03,1,1.0,123,3765.5401059213987,success,
primary_regional,Malaysia,sarscov2,2,M2,B,2,0.05,1,1.0,122,3723.796212475608,success,
primary_regional,Malaysia,sarscov2,2,M2,C,2,0.05,5,10.0,122,3766.2138777933574,success,
primary_regional,Malaysia,sarscov2,2,M2,D,3,0.03,1,1.0,129,3812.3628719867056,success,
primary_regional,Malaysia,sarscov2,2,M2,E,3,0.05,1,10.0,66,4531.4033572835915,success,
primary_regional,Malaysia,sarscov2,2,M2,F,3,0.05,5,10.0,66,4090.5934591545924,success,
primary_regional,Malaysia,sarscov2,2,M3,A,2,0.03,1,1.0,175,3472.495785723482,success,
primary_regional,Malaysia,sarscov2,2,M3,B,2,0.05,1,1.0,80,3631.843879662603,success,
primary_regional,Malaysia,sarscov2,2,M3,C,2,0.05,5,10.0,150,3886.947774302449,success,
primary_regional,Malaysia,sarscov2,2,M3,D,3,0.03,1,1.0,176,3088.097665110822,success,
primary_regional,Malaysia,sarscov2,2,M3,E,3,0.05,1,10.0,78,4413.3957511201625,success,
primary_regional,Malaysia,sarscov2,2,M3,F,3,0.05,5,10.0,132,4417.799706677699,success,
primary_regional,Malaysia,sarscov2,4,M1,A,2,0.03,1,1.0,34,5961.249655611158,success,
primary_regional,Malaysia,sarscov2,4,M1,B,2,0.05,1,1.0,15,6135.8437707024295,success,
primary_regional,Malaysia,sarscov2,4,M1,C,2,0.05,5,10.0,34,5029.722938857755,success,
primary_regional,Malaysia,sarscov2,4,M1,D,3,0.03,1,1.0,1586,4668.662425247594,success,
primary_regional,Malaysia,sarscov2,4,M1,E,3,0.05,1,10.0,471,4459.427820000892,success,
primary_regional,Malaysia,sarscov2,4,M1,F,3,0.05,5,10.0,34,4633.161138873709,success,
primary_regional,Malaysia,sarscov2,4,M2,A,2,0.03,1,1.0,167,4351.493206206752,success,
primary_regional,Malaysia,sarscov2,4,M2,B,2,0.05,1,1.0,173,4518.910169830283,success,
primary_regional,Malaysia,sarscov2,4,M2,C,2,0.05,5,10.0,114,4486.4781545163105,success,
primary_regional,Malaysia,sarscov2,4,M2,D,3,0.03,1,1.0,472,4782.388462539125,success,
primary_regional,Malaysia,sarscov2,4,M2,E,3,0.05,1,10.0,283,4643.414146074898,success,
primary_regional,Malaysia,sarscov2,4,M2,F,3,0.05,5,10.0,316,4420.54465066892,success,
primary_regional,Malaysia,sarscov2,4,M3,A,2,0.03,1,1.0,181,4491.716513499462,success,
primary_regional,Malaysia,sarscov2,4,M3,B,2,0.05,1,1.0,78,4345.0040849055595,success,
primary_regional,Malaysia,sarscov2,4,M3,C,2,0.05,5,10.0,108,4166.2148921914295,success,
primary_regional,Malaysia,sarscov2,4,M3,D,3,0.03,1,1.0,140,4837.8729577224485,success,
primary_regional,Malaysia,sarscov2,4,M3,E,3,0.05,1,10.0,113,4942.425930484276,success,
primary_regional,Malaysia,sarscov2,4,M3,F,3,0.05,5,10.0,113,4406.581224124347,success,
secondary_regional,Philippines,influenza,1,M1,A,2,0.03,1,1.0,80,4.313848701171152,success,
secondary_regional,Philippines,influenza,1,M1,B,2,0.05,1,1.0,37,4.331390424407718,success,
secondary_regional,Philippines,influenza,1,M1,C,2,0.05,5,10.0,82,4.152515631913143,success,
secondary_regional,Philippines,influenza,1,M1,D,3,0.03,1,1.0,81,4.287022896866825,success,
secondary_regional,Philippines,influenza,1,M1,E,3,0.05,1,10.0,79,4.335989882803858,success,
secondary_regional,Philippines,influenza,1,M1,F,3,0.05,5,10.0,82,4.115009967741498,success,
secondary_regional,Philippines,influenza,1,M2,A,2,0.03,1,1.0,107,4.153632029028074,success,
secondary_regional,Philippines,influenza,1,M2,B,2,0.05,1,1.0,52,4.183181085516934,success,
secondary_regional,Philippines,influenza,1,M2,C,2,0.05,5,10.0,74,4.130448049448233,success,
secondary_regional,Philippines,influenza,1,M2,D,3,0.03,1,1.0,89,4.219141263355677,success,
secondary_regional,Philippines,influenza,1,M2,E,3,0.05,1,10.0,110,4.081896383429075,success,
secondary_regional,Philippines,influenza,1,M2,F,3,0.05,5,10.0,77,4.182044032707975,success,
secondary_regional,Philippines,influenza,1,M3,A,2,0.03,1,1.0,54,4.103925003116379,success,
secondary_regional,Philippines,influenza,1,M3,B,2,0.05,1,1.0,48,4.084352663301538,success,
secondary_regional,Philippines,influenza,1,M3,C,2,0.05,5,10.0,85,3.987334034015191,success,
secondary_regional,Philippines,influenza,1,M3,D,3,0.03,1,1.0,61,4.140821556191029,success,
secondary_regional,Philippines,influenza,1,M3,E,3,0.05,1,10.0,56,4.052830111030932,success,
secondary_regional,Philippines,influenza,1,M3,F,3,0.05,5,10.0,74,3.97234069847948,success,
secondary_regional,Philippines,influenza,2,M1,A,2,0.03,1,1.0,376,4.176384623481678,success,
secondary_regional,Philippines,influenza,2,M1,B,2,0.05,1,1.0,111,4.205907557574357,success,
secondary_regional,Philippines,influenza,2,M1,C,2,0.05,5,10.0,314,4.145717350436113,success,
secondary_regional,Philippines,influenza,2,M1,D,3,0.03,1,1.0,332,4.188190928225487,success,
secondary_regional,Philippines,influenza,2,M1,E,3,0.05,1,10.0,106,4.265136830468467,success,
secondary_regional,Philippines,influenza,2,M1,F,3,0.05,5,10.0,259,4.149787851017748,success,
secondary_regional,Philippines,influenza,2,M2,A,2,0.03,1,1.0,143,4.008529339874989,success,
secondary_regional,Philippines,influenza,2,M2,B,2,0.05,1,1.0,51,4.03157922701621,success,
secondary_regional,Philippines,influenza,2,M2,C,2,0.05,5,10.0,80,4.060842524700598,success,
secondary_regional,Philippines,influenza,2,M2,D,3,0.03,1,1.0,133,3.955361494847123,success,
secondary_regional,Philippines,influenza,2,M2,E,3,0.05,1,10.0,174,3.8778763184102236,success,
secondary_regional,Philippines,influenza,2,M2,F,3,0.05,5,10.0,121,3.9907064022864316,success,
secondary_regional,Philippines,influenza,2,M3,A,2,0.03,1,1.0,391,3.506807088413348,success,
secondary_regional,Philippines,influenza,2,M3,B,2,0.05,1,1.0,325,3.6030874942320357,success,
secondary_regional,Philippines,influenza,2,M3,C,2,0.05,5,10.0,395,3.9014631608069754,success,
secondary_regional,Philippines,influenza,2,M3,D,3,0.03,1,1.0,1187,3.602666033287389,success,
secondary_regional,Philippines,influenza,2,M3,E,3,0.05,1,10.0,101,3.908086379396227,success,
secondary_regional,Philippines,influenza,2,M3,F,3,0.05,5,10.0,333,3.8945820074598863,success,
secondary_regional,Philippines,influenza,4,M1,A,2,0.03,1,1.0,60,4.544107888851546,success,
secondary_regional,Philippines,influenza,4,M1,B,2,0.05,1,1.0,27,4.5790261043526534,success,
secondary_regional,Philippines,influenza,4,M1,C,2,0.05,5,10.0,468,4.3942263286445735,success,
secondary_regional,Philippines,influenza,4,M1,D,3,0.03,1,1.0,112,4.474561159919391,success,
secondary_regional,Philippines,influenza,4,M1,E,3,0.05,1,10.0,181,4.501015422298029,success,
secondary_regional,Philippines,influenza,4,M1,F,3,0.05,5,10.0,467,4.4275012107339355,success,
secondary_regional,Philippines,influenza,4,M2,A,2,0.03,1,1.0,500,4.116906919152151,success,
secondary_regional,Philippines,influenza,4,M2,B,2,0.05,1,1.0,141,4.0753657968318775,success,
secondary_regional,Philippines,influenza,4,M2,C,2,0.05,5,10.0,531,4.003319618819558,success,
secondary_regional,Philippines,influenza,4,M2,D,3,0.03,1,1.0,233,4.119650947827583,success,
secondary_regional,Philippines,influenza,4,M2,E,3,0.05,1,10.0,319,4.043194553820103,success,
secondary_regional,Philippines,influenza,4,M2,F,3,0.05,5,10.0,264,4.085573616815863,success,
secondary_regional,Philippines,influenza,4,M3,A,2,0.03,1,1.0,1,4.8093041396537055,success,
secondary_regional,Philippines,influenza,4,M3,B,2,0.05,1,1.0,1,4.80769667916897,success,
secondary_regional,Philippines,influenza,4,M3,C,2,0.05,5,10.0,1,4.810781963948458,success,
secondary_regional,Philippines,influenza,4,M3,D,3,0.03,1,1.0,685,4.5963694530624775,success,
secondary_regional,Philippines,influenza,4,M3,E,3,0.05,1,10.0,1025,4.440636500817075,success,
secondary_regional,Philippines,influenza,4,M3,F,3,0.05,5,10.0,689,4.497953216543634,success,
secondary_regional,Philippines,rsv,1,M1,A,2,0.03,1,1.0,1,4.365183308984969,success,
secondary_regional,Philippines,rsv,1,M1,B,2,0.05,1,1.0,1,4.3652451536636905,success,
secondary_regional,Philippines,rsv,1,M1,C,2,0.05,5,10.0,81,4.3650480512679986,success,
secondary_regional,Philippines,rsv,1,M1,D,3,0.03,1,1.0,1,4.365183308984969,success,
secondary_regional,Philippines,rsv,1,M1,E,3,0.05,1,10.0,1,4.365158700755726,success,
secondary_regional,Philippines,rsv,1,M1,F,3,0.05,5,10.0,81,4.3650480512679986,success,
secondary_regional,Philippines,rsv,1,M2,A,2,0.03,1,1.0,1,4.3653055473193385,success,
secondary_regional,Philippines,rsv,1,M2,B,2,0.05,1,1.0,1,4.36545003556537,success,
secondary_regional,Philippines,rsv,1,M2,C,2,0.05,5,10.0,1,4.365249650173491,success,
secondary_regional,Philippines,rsv,1,M2,D,3,0.03,1,1.0,1,4.3653055473193385,success,
secondary_regional,Philippines,rsv,1,M2,E,3,0.05,1,10.0,1,4.365178834199563,success,
secondary_regional,Philippines,rsv,1,M2,F,3,0.05,5,10.0,328,4.368068788582,success,
secondary_regional,Philippines,rsv,1,M3,A,2,0.03,1,1.0,1,4.365093441299202,success,
secondary_regional,Philippines,rsv,1,M3,B,2,0.05,1,1.0,1,4.36509537909539,success,
secondary_regional,Philippines,rsv,1,M3,C,2,0.05,5,10.0,1260,4.3478437695112655,success,
secondary_regional,Philippines,rsv,1,M3,D,3,0.03,1,1.0,1,4.365093441299202,success,
secondary_regional,Philippines,rsv,1,M3,E,3,0.05,1,10.0,1,4.365063318189065,success,
secondary_regional,Philippines,rsv,1,M3,F,3,0.05,5,10.0,1998,4.34178391666249,success,
secondary_regional,Philippines,rsv,2,M1,A,2,0.03,1,1.0,1,4.3651669543258125,success,
secondary_regional,Philippines,rsv,2,M1,B,2,0.05,1,1.0,1,4.365220085155574,success,
secondary_regional,Philippines,rsv,2,M1,C,2,0.05,5,10.0,25,4.365044269563291,success,
secondary_regional,Philippines,rsv,2,M1,D,3,0.03,1,1.0,1,4.3651669543258125,success,
secondary_regional,Philippines,rsv,2,M1,E,3,0.05,1,10.0,1,4.365144519405694,success,
secondary_regional,Philippines,rsv,2,M1,F,3,0.05,5,10.0,25,4.365044269563291,success,
secondary_regional,Philippines,rsv,2,M2,A,2,0.03,1,1.0,1,4.36530211536431,success,
secondary_regional,Philippines,rsv,2,M2,B,2,0.05,1,1.0,1,4.3654465021991395,success,
secondary_regional,Philippines,rsv,2,M2,C,2,0.05,5,10.0,1,4.36523717668532,success,
secondary_regional,Philippines,rsv,2,M2,D,3,0.03,1,1.0,1,4.36530211536431,success,
secondary_regional,Philippines,rsv,2,M2,E,3,0.05,1,10.0,1,4.365175019849829,success,
secondary_regional,Philippines,rsv,2,M2,F,3,0.05,5,10.0,1,4.36523717668532,success,
secondary_regional,Philippines,rsv,2,M3,A,2,0.03,1,1.0,170,4.364320522107339,success,
secondary_regional,Philippines,rsv,2,M3,B,2,0.05,1,1.0,170,4.363802931659423,success,
secondary_regional,Philippines,rsv,2,M3,C,2,0.05,5,10.0,190,4.369313514782784,success,
secondary_regional,Philippines,rsv,2,M3,D,3,0.03,1,1.0,170,4.363975390761031,success,
secondary_regional,Philippines,rsv,2,M3,E,3,0.05,1,10.0,1,4.365088200061891,success,
secondary_regional,Philippines,rsv,2,M3,F,3,0.05,5,10.0,394,4.372980443978081,success,
secondary_regional,Philippines,rsv,4,M1,A,2,0.03,1,1.0,11,4.365056475540583,success,
secondary_regional,Philippines,rsv,4,M1,B,2,0.05,1,1.0,11,4.365044214671043,success,
secondary_regional,Philippines,rsv,4,M1,C,2,0.05,5,10.0,11,4.365047485448632,success,
secondary_regional,Philippines,rsv,4,M1,D,3,0.03,1,1.0,11,4.365056475540583,success,
secondary_regional,Philippines,rsv,4,M1,E,3,0.05,1,10.0,11,4.365047485448632,success,
secondary_regional,Philippines,rsv,4,M1,F,3,0.05,5,10.0,11,4.365047485448632,success,
secondary_regional,Philippines,rsv,4,M2,A,2,0.03,1,1.0,3,4.3651129813181955,success,
secondary_regional,Philippines,rsv,4,M2,B,2,0.05,1,1.0,3,4.365137244150974,success,
secondary_regional,Philippines,rsv,4,M2,C,2,0.05,5,10.0,1,4.365215050810947,success,
secondary_regional,Philippines,rsv,4,M2,D,3,0.03,1,1.0,3,4.3651129813181955,success,
secondary_regional,Philippines,rsv,4,M2,E,3,0.05,1,10.0,1,4.365167363243335,success,
secondary_regional,Philippines,rsv,4,M2,F,3,0.05,5,10.0,1,4.365215050810947,success,
secondary_regional,Philippines,rsv,4,M3,A,2,0.03,1,1.0,8,4.364564598533248,success,
secondary_regional,Philippines,rsv,4,M3,B,2,0.05,1,1.0,8,4.364287569083152,success,
secondary_regional,Philippines,rsv,4,M3,C,2,0.05,5,10.0,801,4.360372596191554,success,
secondary_regional,Philippines,rsv,4,M3,D,3,0.03,1,1.0,8,4.364564598533248,success,
secondary_regional,Philippines,rsv,4,M3,E,3,0.05,1,10.0,1,4.365055917194936,success,
secondary_regional,Philippines,rsv,4,M3,F,3,0.05,5,10.0,482,4.3654382440931485,success,
secondary_regional,Philippines,sarscov2,1,M1,A,2,0.03,1,1.0,383,15185.336965491391,success,
secondary_regional,Philippines,sarscov2,1,M1,B,2,0.05,1,1.0,327,15002.510081347575,success,
secondary_regional,Philippines,sarscov2,1,M1,C,2,0.05,5,10.0,36,15941.774377916601,success,
secondary_regional,Philippines,sarscov2,1,M1,D,3,0.03,1,1.0,124,15165.387907966402,success,
secondary_regional,Philippines,sarscov2,1,M1,E,3,0.05,1,10.0,138,15430.791202973242,success,
secondary_regional,Philippines,sarscov2,1,M1,F,3,0.05,5,10.0,36,15820.849005746439,success,
secondary_regional,Philippines,sarscov2,1,M2,A,2,0.03,1,1.0,79,15893.430829548623,success,
secondary_regional,Philippines,sarscov2,1,M2,B,2,0.05,1,1.0,30,15906.417138529987,success,
secondary_regional,Philippines,sarscov2,1,M2,C,2,0.05,5,10.0,31,16382.678888252824,success,
secondary_regional,Philippines,sarscov2,1,M2,D,3,0.03,1,1.0,84,15755.850287347206,success,
secondary_regional,Philippines,sarscov2,1,M2,E,3,0.05,1,10.0,176,15339.589511997397,success,
secondary_regional,Philippines,sarscov2,1,M2,F,3,0.05,5,10.0,30,16478.96694957681,success,
secondary_regional,Philippines,sarscov2,1,M3,A,2,0.03,1,1.0,34,16389.944786284068,success,
secondary_regional,Philippines,sarscov2,1,M3,B,2,0.05,1,1.0,32,16783.36859429067,success,
secondary_regional,Philippines,sarscov2,1,M3,C,2,0.05,5,10.0,33,16518.67568412444,success,
secondary_regional,Philippines,sarscov2,1,M3,D,3,0.03,1,1.0,38,16074.510413442922,success,
secondary_regional,Philippines,sarscov2,1,M3,E,3,0.05,1,10.0,305,16650.90395269439,success,
secondary_regional,Philippines,sarscov2,1,M3,F,3,0.05,5,10.0,39,16625.746406459028,success,
secondary_regional,Philippines,sarscov2,2,M1,A,2,0.03,1,1.0,132,18816.099759728513,success,
secondary_regional,Philippines,sarscov2,2,M1,B,2,0.05,1,1.0,84,18751.547079276414,success,
secondary_regional,Philippines,sarscov2,2,M1,C,2,0.05,5,10.0,43,18116.692742977044,success,
secondary_regional,Philippines,sarscov2,2,M1,D,3,0.03,1,1.0,70,17760.353815126848,success,
secondary_regional,Philippines,sarscov2,2,M1,E,3,0.05,1,10.0,131,17295.370870863324,success,
secondary_regional,Philippines,sarscov2,2,M1,F,3,0.05,5,10.0,53,17706.43064308835,success,
secondary_regional,Philippines,sarscov2,2,M2,A,2,0.03,1,1.0,31,18052.786059805178,success,
secondary_regional,Philippines,sarscov2,2,M2,B,2,0.05,1,1.0,21,18013.657679273343,success,
secondary_regional,Philippines,sarscov2,2,M2,C,2,0.05,5,10.0,32,18267.38885674742,success,
secondary_regional,Philippines,sarscov2,2,M2,D,3,0.03,1,1.0,31,17835.08485754976,success,
secondary_regional,Philippines,sarscov2,2,M2,E,3,0.05,1,10.0,45,17765.006720818554,success,
secondary_regional,Philippines,sarscov2,2,M2,F,3,0.05,5,10.0,32,18056.653210429246,success,
secondary_regional,Philippines,sarscov2,2,M3,A,2,0.03,1,1.0,31,18640.664799076007,success,
secondary_regional,Philippines,sarscov2,2,M3,B,2,0.05,1,1.0,16,18661.771089517933,success,
secondary_regional,Philippines,sarscov2,2,M3,C,2,0.05,5,10.0,31,18575.41403306683,success,
secondary_regional,Philippines,sarscov2,2,M3,D,3,0.03,1,1.0,31,18404.639181814648,success,
secondary_regional,Philippines,sarscov2,2,M3,E,3,0.05,1,10.0,31,17706.256880635527,success,
secondary_regional,Philippines,sarscov2,2,M3,F,3,0.05,5,10.0,31,18028.73081234752,success,
secondary_regional,Philippines,sarscov2,4,M1,A,2,0.03,1,1.0,659,22742.51727052776,success,
secondary_regional,Philippines,sarscov2,4,M1,B,2,0.05,1,1.0,330,22899.477053970382,success,
secondary_regional,Philippines,sarscov2,4,M1,C,2,0.05,5,10.0,725,21449.374067536774,success,
secondary_regional,Philippines,sarscov2,4,M1,D,3,0.03,1,1.0,659,21293.715508809313,success,
secondary_regional,Philippines,sarscov2,4,M1,E,3,0.05,1,10.0,514,20296.33487185843,success,
secondary_regional,Philippines,sarscov2,4,M1,F,3,0.05,5,10.0,462,20896.710875962606,success,
secondary_regional,Philippines,sarscov2,4,M2,A,2,0.03,1,1.0,629,19655.888935487572,success,
secondary_regional,Philippines,sarscov2,4,M2,B,2,0.05,1,1.0,228,19835.13908209026,success,
secondary_regional,Philippines,sarscov2,4,M2,C,2,0.05,5,10.0,21,20914.06796173026,success,
secondary_regional,Philippines,sarscov2,4,M2,D,3,0.03,1,1.0,285,19681.246305088658,success,
secondary_regional,Philippines,sarscov2,4,M2,E,3,0.05,1,10.0,506,18978.24490553451,success,
secondary_regional,Philippines,sarscov2,4,M2,F,3,0.05,5,10.0,231,19441.99325907414,success,
secondary_regional,Philippines,sarscov2,4,M3,A,2,0.03,1,1.0,23,20735.486284422044,success,
secondary_regional,Philippines,sarscov2,4,M3,B,2,0.05,1,1.0,10,20385.610470319087,success,
secondary_regional,Philippines,sarscov2,4,M3,C,2,0.05,5,10.0,21,20534.194949133744,success,
secondary_regional,Philippines,sarscov2,4,M3,D,3,0.03,1,1.0,25,21395.084231670193,success,
secondary_regional,Philippines,sarscov2,4,M3,E,3,0.05,1,10.0,25,20324.129148015127,success,
secondary_regional,Philippines,sarscov2,4,M3,F,3,0.05,5,10.0,25,20327.619070681612,success,
singapore_case_study,Singapore,influenza,1,M1,A,2,0.03,1,1.0,210,16.15050292096021,success,
singapore_case_study,Singapore,influenza,1,M1,B,2,0.05,1,1.0,135,16.243564465542104,success,
singapore_case_study,Singapore,influenza,1,M1,C,2,0.05,5,10.0,192,16.30732952746265,success,
singapore_case_study,Singapore,influenza,1,M1,D,3,0.03,1,1.0,361,16.088206811878,success,
singapore_case_study,Singapore,influenza,1,M1,E,3,0.05,1,10.0,137,16.36434221593315,success,
singapore_case_study,Singapore,influenza,1,M1,F,3,0.05,5,10.0,191,16.304214736760894,success,
singapore_case_study,Singapore,influenza,1,M2,A,2,0.03,1,1.0,297,16.165793418074536,success,
singapore_case_study,Singapore,influenza,1,M2,B,2,0.05,1,1.0,177,16.173160503260664,success,
singapore_case_study,Singapore,influenza,1,M2,C,2,0.05,5,10.0,729,15.994630306519934,success,
singapore_case_study,Singapore,influenza,1,M2,D,3,0.03,1,1.0,343,16.066885954928548,success,
singapore_case_study,Singapore,influenza,1,M2,E,3,0.05,1,10.0,177,16.346764539699524,success,
singapore_case_study,Singapore,influenza,1,M2,F,3,0.05,5,10.0,361,16.13717126231802,success,
singapore_case_study,Singapore,influenza,1,M3,A,2,0.03,1,1.0,104,17.10355122633158,success,
singapore_case_study,Singapore,influenza,1,M3,B,2,0.05,1,1.0,104,17.08985092686995,success,
singapore_case_study,Singapore,influenza,1,M3,C,2,0.05,5,10.0,442,17.113155563910603,success,
singapore_case_study,Singapore,influenza,1,M3,D,3,0.03,1,1.0,298,17.05153604979914,success,
singapore_case_study,Singapore,influenza,1,M3,E,3,0.05,1,10.0,105,17.148104235194584,success,
singapore_case_study,Singapore,influenza,1,M3,F,3,0.05,5,10.0,154,17.174983978658382,success,
singapore_case_study,Singapore,influenza,2,M1,A,2,0.03,1,1.0,219,16.4398639692587,success,
singapore_case_study,Singapore,influenza,2,M1,B,2,0.05,1,1.0,86,16.481506305409958,success,
singapore_case_study,Singapore,influenza,2,M1,C,2,0.05,5,10.0,137,16.725252920822516,success,
singapore_case_study,Singapore,influenza,2,M1,D,3,0.03,1,1.0,203,16.40887442825454,success,
singapore_case_study,Singapore,influenza,2,M1,E,3,0.05,1,10.0,219,16.402898720910816,success,
singapore_case_study,Singapore,influenza,2,M1,F,3,0.05,5,10.0,137,16.724470936446718,success,
singapore_case_study,Singapore,influenza,2,M2,A,2,0.03,1,1.0,214,16.513984661841036,success,
singapore_case_study,Singapore,influenza,2,M2,B,2,0.05,1,1.0,78,16.513479986784958,success,
singapore_case_study,Singapore,influenza,2,M2,C,2,0.05,5,10.0,155,16.733155262040746,success,
singapore_case_study,Singapore,influenza,2,M2,D,3,0.03,1,1.0,219,16.425494498701305,success,
singapore_case_study,Singapore,influenza,2,M2,E,3,0.05,1,10.0,213,16.47294494611144,success,
singapore_case_study,Singapore,influenza,2,M2,F,3,0.05,5,10.0,155,16.745641953097444,success,
singapore_case_study,Singapore,influenza,2,M3,A,2,0.03,1,1.0,182,17.098086116332148,success,
singapore_case_study,Singapore,influenza,2,M3,B,2,0.05,1,1.0,105,17.101077004394742,success,
singapore_case_study,Singapore,influenza,2,M3,C,2,0.05,5,10.0,135,17.263416699558412,success,
singapore_case_study,Singapore,influenza,2,M3,D,3,0.03,1,1.0,344,17.095241241802036,success,
singapore_case_study,Singapore,influenza,2,M3,E,3,0.05,1,10.0,638,17.12054161419805,success,
singapore_case_study,Singapore,influenza,2,M3,F,3,0.05,5,10.0,106,17.26821546276344,success,
singapore_case_study,Singapore,influenza,4,M1,A,2,0.03,1,1.0,166,16.355789604914584,success,
singapore_case_study,Singapore,influenza,4,M1,B,2,0.05,1,1.0,101,16.338789583692304,success,
singapore_case_study,Singapore,influenza,4,M1,C,2,0.05,5,10.0,340,16.41913162977273,success,
singapore_case_study,Singapore,influenza,4,M1,D,3,0.03,1,1.0,263,16.310388085414523,success,
singapore_case_study,Singapore,influenza,4,M1,E,3,0.05,1,10.0,266,16.48869477538994,success,
singapore_case_study,Singapore,influenza,4,M1,F,3,0.05,5,10.0,340,16.41679973062167,success,
singapore_case_study,Singapore,influenza,4,M2,A,2,0.03,1,1.0,187,16.41030332616421,success,
singapore_case_study,Singapore,influenza,4,M2,B,2,0.05,1,1.0,123,16.37743352735478,success,
singapore_case_study,Singapore,influenza,4,M2,C,2,0.05,5,10.0,323,16.51017453140288,success,
singapore_case_study,Singapore,influenza,4,M2,D,3,0.03,1,1.0,257,16.321763258822845,success,
singapore_case_study,Singapore,influenza,4,M2,E,3,0.05,1,10.0,341,16.55522779469643,success,
singapore_case_study,Singapore,influenza,4,M2,F,3,0.05,5,10.0,342,16.466003985087134,success,
singapore_case_study,Singapore,influenza,4,M3,A,2,0.03,1,1.0,224,16.875555463108448,success,
singapore_case_study,Singapore,influenza,4,M3,B,2,0.05,1,1.0,162,16.854077757823088,success,
singapore_case_study,Singapore,influenza,4,M3,C,2,0.05,5,10.0,1976,17.038525761986833,success,
singapore_case_study,Singapore,influenza,4,M3,D,3,0.03,1,1.0,233,16.82458430451136,success,
singapore_case_study,Singapore,influenza,4,M3,E,3,0.05,1,10.0,211,17.041853225272902,success,
singapore_case_study,Singapore,influenza,4,M3,F,3,0.05,5,10.0,1996,17.007034128472903,success,
singapore_case_study,Singapore,sarscov2,1,M1,A,2,0.03,1,1.0,1999,25485.52049663091,success,
singapore_case_study,Singapore,sarscov2,1,M1,B,2,0.05,1,1.0,394,27574.25817347555,success,
singapore_case_study,Singapore,sarscov2,1,M1,C,2,0.05,5,10.0,608,27281.23598773591,success,
singapore_case_study,Singapore,sarscov2,1,M1,D,3,0.03,1,1.0,1352,28934.51474080995,success,
singapore_case_study,Singapore,sarscov2,1,M1,E,3,0.05,1,10.0,1997,29525.01444763806,success,
singapore_case_study,Singapore,sarscov2,1,M1,F,3,0.05,5,10.0,428,27167.969090141964,success,
singapore_case_study,Singapore,sarscov2,1,M2,A,2,0.03,1,1.0,493,30194.498317482226,success,
singapore_case_study,Singapore,sarscov2,1,M2,B,2,0.05,1,1.0,493,30009.819202297575,success,
singapore_case_study,Singapore,sarscov2,1,M2,C,2,0.05,5,10.0,999,30187.313747831897,success,
singapore_case_study,Singapore,sarscov2,1,M2,D,3,0.03,1,1.0,400,30898.728005660003,success,
singapore_case_study,Singapore,sarscov2,1,M2,E,3,0.05,1,10.0,226,31713.809970768398,success,
singapore_case_study,Singapore,sarscov2,1,M2,F,3,0.05,5,10.0,432,30634.876406583477,success,
singapore_case_study,Singapore,sarscov2,1,M3,A,2,0.03,1,1.0,554,28004.864068649982,success,
singapore_case_study,Singapore,sarscov2,1,M3,B,2,0.05,1,1.0,333,27899.17392044594,success,
singapore_case_study,Singapore,sarscov2,1,M3,C,2,0.05,5,10.0,1138,29520.316370451434,success,
singapore_case_study,Singapore,sarscov2,1,M3,D,3,0.03,1,1.0,344,31013.70877750103,success,
singapore_case_study,Singapore,sarscov2,1,M3,E,3,0.05,1,10.0,412,31706.138824540118,success,
singapore_case_study,Singapore,sarscov2,1,M3,F,3,0.05,5,10.0,890,30318.706190882447,success,
singapore_case_study,Singapore,sarscov2,2,M1,A,2,0.03,1,1.0,1993,28147.76062655722,success,
singapore_case_study,Singapore,sarscov2,2,M1,B,2,0.05,1,1.0,981,29231.265929460475,success,
singapore_case_study,Singapore,sarscov2,2,M1,C,2,0.05,5,10.0,709,29686.536629560836,success,
singapore_case_study,Singapore,sarscov2,2,M1,D,3,0.03,1,1.0,1921,30740.414315447335,success,
singapore_case_study,Singapore,sarscov2,2,M1,E,3,0.05,1,10.0,1997,30397.358184540106,success,
singapore_case_study,Singapore,sarscov2,2,M1,F,3,0.05,5,10.0,263,29798.088844744452,success,
singapore_case_study,Singapore,sarscov2,2,M2,A,2,0.03,1,1.0,655,30877.66560816216,success,
singapore_case_study,Singapore,sarscov2,2,M2,B,2,0.05,1,1.0,655,30077.040203585955,success,
singapore_case_study,Singapore,sarscov2,2,M2,C,2,0.05,5,10.0,247,32539.718762908124,success,
singapore_case_study,Singapore,sarscov2,2,M2,D,3,0.03,1,1.0,568,32726.024140092028,success,
singapore_case_study,Singapore,sarscov2,2,M2,E,3,0.05,1,10.0,1300,32769.94119583294,success,
singapore_case_study,Singapore,sarscov2,2,M2,F,3,0.05,5,10.0,1305,32374.636450573264,success,
singapore_case_study,Singapore,sarscov2,2,M3,A,2,0.03,1,1.0,652,28878.34285567351,success,
singapore_case_study,Singapore,sarscov2,2,M3,B,2,0.05,1,1.0,491,28981.17107655835,success,
singapore_case_study,Singapore,sarscov2,2,M3,C,2,0.05,5,10.0,1960,30950.663727032374,success,
singapore_case_study,Singapore,sarscov2,2,M3,D,3,0.03,1,1.0,1297,32000.58957651816,success,
singapore_case_study,Singapore,sarscov2,2,M3,E,3,0.05,1,10.0,987,32664.479355366064,success,
singapore_case_study,Singapore,sarscov2,2,M3,F,3,0.05,5,10.0,1921,31780.639161524687,success,
singapore_case_study,Singapore,sarscov2,4,M1,A,2,0.03,1,1.0,466,33267.89580097677,success,
singapore_case_study,Singapore,sarscov2,4,M1,B,2,0.05,1,1.0,227,33593.265305882225,success,
singapore_case_study,Singapore,sarscov2,4,M1,C,2,0.05,5,10.0,415,33134.94143500644,success,
singapore_case_study,Singapore,sarscov2,4,M1,D,3,0.03,1,1.0,455,33427.39706964143,success,
singapore_case_study,Singapore,sarscov2,4,M1,E,3,0.05,1,10.0,249,34015.9935448082,success,
singapore_case_study,Singapore,sarscov2,4,M1,F,3,0.05,5,10.0,251,33033.9237622876,success,
singapore_case_study,Singapore,sarscov2,4,M2,A,2,0.03,1,1.0,213,34411.494712290405,success,
singapore_case_study,Singapore,sarscov2,4,M2,B,2,0.05,1,1.0,90,34331.389608908685,success,
singapore_case_study,Singapore,sarscov2,4,M2,C,2,0.05,5,10.0,214,34510.83611792694,success,
singapore_case_study,Singapore,sarscov2,4,M2,D,3,0.03,1,1.0,173,34700.10491706296,success,
singapore_case_study,Singapore,sarscov2,4,M2,E,3,0.05,1,10.0,166,34853.51362120379,success,
singapore_case_study,Singapore,sarscov2,4,M2,F,3,0.05,5,10.0,116,34572.809928155475,success,
singapore_case_study,Singapore,sarscov2,4,M3,A,2,0.03,1,1.0,380,33175.62820252558,success,
singapore_case_study,Singapore,sarscov2,4,M3,B,2,0.05,1,1.0,238,33404.84733775457,success,
singapore_case_study,Singapore,sarscov2,4,M3,C,2,0.05,5,10.0,162,34286.82742107432,success,
singapore_case_study,Singapore,sarscov2,4,M3,D,3,0.03,1,1.0,328,34557.87852420838,success,
singapore_case_study,Singapore,sarscov2,4,M3,E,3,0.05,1,10.0,244,34741.87229315983,success,
singapore_case_study,Singapore,sarscov2,4,M3,F,3,0.05,5,10.0,176,34472.61012198465,success,
